PersonID,Full Name,Preferred Name,Is Employee,Is Salesperson,Phone Number,Email Address
1029,"Filips Jaunzems","Filips",False,False,"(210) 555-0100","filips@tailspintoys.com"
1030,"Bharati Bhowmick","Bharati",False,False,"(210) 555-0100","bharati@tailspintoys.com"
1063,"Nikolajs Kalejs","Nikolajs",False,False,"(210) 555-0100","nikolajs@tailspintoys.com"
1064,"Philippe Lamy","Philippe",False,False,"(210) 555-0100","philippe@tailspintoys.com"
1067,"Anjali Asthana","Anjali",False,False,"(210) 555-0100","anjali@tailspintoys.com"
1068,"Hanuman Negi","Hanuman",False,False,"(210) 555-0100","hanuman@tailspintoys.com"
1079,"Alena Prikrylova","Alena",False,False,"(210) 555-0100","alena@tailspintoys.com"
1080,"Catina Bojin","Catina",False,False,"(210) 555-0100","catina@tailspintoys.com"
1129,"Hanuman Dubey","Hanuman",False,False,"(210) 555-0100","hanuman@tailspintoys.com"
1130,"Paola Loggia","Paola",False,False,"(210) 555-0100","paola@tailspintoys.com"
1189,"Alba Ponce","Alba",False,False,"(210) 555-0100","alba@tailspintoys.com"
1190,"Antra Dzene","Antra",False,False,"(210) 555-0100","antra@tailspintoys.com"
1191,"Piper Leigh","Piper",False,False,"(210) 555-0100","piper@tailspintoys.com"
1192,"Jautrite Krievina","Jautrite",False,False,"(210) 555-0100","jautrite@tailspintoys.com"
1311,"Dilara Ayhan","Dilara",False,False,"(210) 555-0100","dilara@tailspintoys.com"
1312,"Virgiliu Vladu","Virgiliu",False,False,"(210) 555-0100","virgiliu@tailspintoys.com"
1331,"Vlastimil Bohuslav","Vlastimil",False,False,"(210) 555-0100","vlastimil@tailspintoys.com"
1332,"Beau  Boule","Beau",False,False,"(210) 555-0100","beau @tailspintoys.com"
1333,"Nejc Vosnik","Nejc",False,False,"(210) 555-0100","nejc@tailspintoys.com"
1334,"Amalendu Veturi","Amalendu",False,False,"(210) 555-0100","amalendu@tailspintoys.com"
1335,"Anindo Mazumdar","Anindo",False,False,"(210) 555-0100","anindo@tailspintoys.com"
1336,"Tarja Saikkonen","Tarja",False,False,"(210) 555-0100","tarja@tailspintoys.com"
1375,"Rachelle Brasseur","Rachelle",False,False,"(210) 555-0100","rachelle@tailspintoys.com"
1376,"Bholanath Das","Bholanath",False,False,"(210) 555-0100","bholanath@tailspintoys.com"
2015,"Bhaagyalakshmi Muppavarapu","Bhaagyalakshmi",False,False,"(210) 555-0100","bhaagyalakshmi@wingtiptoys.com"
2016,"Durjoy Bose","Durjoy",False,False,"(210) 555-0100","durjoy@wingtiptoys.com"
2019,"Miroslav Kohout","Miroslav",False,False,"(210) 555-0100","miroslav@wingtiptoys.com"
2020,"Teresa Torres","Teresa",False,False,"(210) 555-0100","teresa@wingtiptoys.com"
2025,"Raine Knihtila","Raine",False,False,"(210) 555-0100","raine@wingtiptoys.com"
2026,"Dhir Mazumdar","Dhir",False,False,"(210) 555-0100","dhir@wingtiptoys.com"
2121,"Ganesh Mukherjee","Ganesh",False,False,"(210) 555-0100","ganesh@wingtiptoys.com"
2122,"Hector Parra","Hector",False,False,"(210) 555-0100","hector@wingtiptoys.com"
2131,"Sintja Buecek","Sintja",False,False,"(210) 555-0100","sintja@wingtiptoys.com"
2132,"Esha Singh","Esha",False,False,"(210) 555-0100","esha@wingtiptoys.com"
2139,"Libuse Srbova","Libuse",False,False,"(210) 555-0100","libuse@wingtiptoys.com"
2140,"Jimme Harmsen","Jimme",False,False,"(210) 555-0100","jimme@wingtiptoys.com"
2229,"Jelena Utjesenovic","Jelena",False,False,"(210) 555-0100","jelena@wingtiptoys.com"
2230,"Debbie Clark","Debbie",False,False,"(210) 555-0100","debbie@wingtiptoys.com"
2259,"Sitara Benjaree","Sitara",False,False,"(210) 555-0100","sitara@wingtiptoys.com"
2260,"Roberts Sprogis","Roberts",False,False,"(210) 555-0100","roberts@wingtiptoys.com"
2305,"Ilgonis Dzenis","Ilgonis",False,False,"(210) 555-0100","ilgonis@wingtiptoys.com"
2306,"Emine Gungor","Emine",False,False,"(210) 555-0100","emine@wingtiptoys.com"
2311,"Arnab Malakar","Arnab",False,False,"(210) 555-0100","arnab@wingtiptoys.com"
2312,"Anupam Majumdar","Anupam",False,False,"(210) 555-0100","anupam@wingtiptoys.com"
2317,"Paola Greece","Paola",False,False,"(210) 555-0100","paola@wingtiptoys.com"
2318,"Izabella Baltina","Izabella",False,False,"(210) 555-0100","izabella@wingtiptoys.com"
2335,"Linda Ledezma","Linda",False,False,"(210) 555-0100","linda@wingtiptoys.com"
2336,"Zbynek Vacha","Zbynek",False,False,"(210) 555-0100","zbynek@wingtiptoys.com"
2373,"Daniela Sal","Daniela",False,False,"(210) 555-0100","daniela@wingtiptoys.com"
2374,"Kunal Nakhtare","Kunal",False,False,"(210) 555-0100","kunal@wingtiptoys.com"
2375,"Duangrat Atitarn","Duangrat",False,False,"(210) 555-0100","duangrat@wingtiptoys.com"
2376,"Ella Celmina","Ella",False,False,"(210) 555-0100","ella@wingtiptoys.com"
2387,"Caterina Fallaci","Caterina",False,False,"(210) 555-0100","caterina@wingtiptoys.com"
2388,"Brayden Macnamara","Brayden",False,False,"(210) 555-0100","brayden@wingtiptoys.com"
2397,"Chandni Jandhyala","Chandni",False,False,"(210) 555-0100","chandni@wingtiptoys.com"
2398,"Verona Sykorova","Verona",False,False,"(210) 555-0100","verona@wingtiptoys.com"
3011,"Surendra Sahu","Surendra",False,False,"(210) 555-0100","surendra@example.com"
3014,"Johanna Hoornstra","Johanna",False,False,"(210) 555-0100","johanna@example.com"
3049,"Sabine Zalite","Sabine",False,False,"(210) 555-0100","sabine@example.com"
3057,"Clarissa Manfrin","Clarissa",False,False,"(210) 555-0100","clarissa@example.com"
3076,"Marie LeBatelier","Marie",False,False,"(210) 555-0100","marie@example.com"
3090,"Olya Izmaylov","Olya",False,False,"(210) 555-0100","olya@example.com"
3102,"Kamila Michnova","Kamila",False,False,"(210) 555-0100","kamila@example.com"
3115,"Ana Florea","Ana",False,False,"(210) 555-0100","ana@example.com"
3140,"Lorin Astrom","Lorin",False,False,"(210) 555-0100","lorin@example.com"
3149,"Seo-yun Paik","Seo-yun",False,False,"(210) 555-0100","seo-yun@example.com"
3158,"Valentin Tirlea","Valentin",False,False,"(210) 555-0100","valentin@example.com"
3174,"Emil Roman","Emil",False,False,"(210) 555-0100","emil@example.com"
3190,"Andris Saulitis","Andris",False,False,"(210) 555-0100","andris@example.com"
3194,"Libuse Kuchtova","Libuse",False,False,"(210) 555-0100","libuse@example.com"
3201,"Dinh Mai","Dinh",False,False,"(210) 555-0100","dinh@example.com"
3210,"Serdar ozCelik","Serdar",False,False,"(210) 555-0100","serdar@example.com"
3238,"Damodara Trivedi","Damodara",False,False,"(210) 555-0100","damodara@example.com"
3253,"Luis Saucedo","Luis",False,False,"(210) 555-0100","luis@example.com"
1,"Data Conversion Only","Data Conversion Only",False,False,"",""
21,"Reio Kabin","Reio",False,False,"(847) 555-0100","reio@adatum.com"
22,"Oliver Kivi","Olly",False,False,"(847) 555-0100","olly@adatum.com"
23,"Hanna Mihhailov","Hanna",False,False,"(360) 555-0100","hannam@contoso.com"
24,"Paulus Lippmaa","Paulus",False,False,"(360) 555-0100","paulusl@contoso.com"
25,"Kerstin Parn","Kerstin",False,False,"(415) 555-0100","kerstin@consolidatedmessenger.com"
26,"Helen Ahven","Helen",False,False,"(415) 555-0100","helen@consolidatedmessenger.com"
27,"Bill Lawson","Bill",False,False,"(203) 555-0107","billl@fabrikam.com"
28,"Helen Moore","Helen",False,False,"(203) 555-0104","helenm@fabrikam.com"
29,"Penny Buck","Penny",False,False,"(406) 555-0107","pennyb@graphicdesigninstitute.com"
30,"Donna Smith","Donna",False,False,"(406) 555-0101","donnas@graphicdesigninstitute.com"
31,"Madelaine  Cartier","Madelaine",False,False,"(423) 555-0101","madelainec@humongousinsurance.com"
32,"Annette Talon","Annette",False,False,"(423) 555-0106","annettet@humongousinsurance.com"
33,"Elias Myllari","Elias",False,False,"(209) 555-0101","eliasm@litwareinc.com"
34,"Vilma Niva","Vilma",False,False,"(209) 555-0103","vilman@litwareinc.com"
35,"Prem Prabhu","Prem",False,False,"(423) 555-0102","premp@lucernepublishing.com"
36,"Sunita Jadhav","Sunita",False,False,"(423) 555-0101","sunitaj@lucernepublishing.com"
37,"Marcos Costa","Marcos",False,False,"(252) 555-0106","marcosc@nodpublishers.com"
38,"Matheus Oliveira","Matheus",False,False,"(252) 555-0107","matheuso@nodpublishers.com"
39,"Eliza Soderberg","Eliza",False,False,"(201) 555-0101","elizas@northwindelectriccars.com"
40,"Sara Karlsson","Sara",False,False,"(201) 555-0100","sarak@northwindelectriccars.com"
41,"Donald Jones","Donald",False,False,"(605) 555-0101","donaldj@treyresearch.net"
42,"Sharon Graham","Sharon",False,False,"(605) 555-0106","sharong@treyresearch.net"
43,"Hai Dam","Hai",False,False,"(218) 555-0101","haid@thephone-company.com"
44,"Thanh Dinh","Thanh",False,False,"(218) 555-0104","thanhd@thephone-company.com"
45,"Hubert Helms","Hubert",False,False,"(415) 555-0103","huberth@woodgrovebank.com"
46,"Donald Small","Donald",False,False,"(415) 555-0105","donalds@woodgrovebank.com"
1001,"Waldemar Fisar","Waldemar",False,False,"(308) 555-0100","waldemar@tailspintoys.com"
1002,"Laimonis Berzins","Laimonis",False,False,"(308) 555-0100","laimonis@tailspintoys.com"
1003,"Lorena Cindric","Lorena",False,False,"(406) 555-0100","lorena@tailspintoys.com"
1004,"Hung Van Groesen","Hung",False,False,"(406) 555-0100","hung@tailspintoys.com"
1005,"Bhaargav Rambhatla","Bhaargav",False,False,"(480) 555-0100","bhaargav@tailspintoys.com"
1006,"Mudar Jevtic","Mudar",False,False,"(480) 555-0100","mudar@tailspintoys.com"
1007,"Daniel Roman","Daniel",False,False,"(316) 555-0100","daniel@tailspintoys.com"
1008,"Leyla Radnia","Leyla",False,False,"(316) 555-0100","leyla@tailspintoys.com"
1009,"Johanna Huiting","Johanna",False,False,"(212) 555-0100","johanna@tailspintoys.com"
1010,"Robert Ruutli","Robert",False,False,"(212) 555-0100","robert@tailspintoys.com"
1011,"Biswajeet Thakur","Biswajeet",False,False,"(701) 555-0100","biswajeet@tailspintoys.com"
1012,"Radha Shah","Radha",False,False,"(701) 555-0100","radha@tailspintoys.com"
1013,"Kalidas Nadar","Kalidas",False,False,"(423) 555-0100","kalidas@tailspintoys.com"
1014,"Filip Nedvidek","Filip",False,False,"(423) 555-0100","filip@tailspintoys.com"
1015,"Kanti Kotadia","Kanti",False,False,"(303) 555-0100","kanti@tailspintoys.com"
1016,"Hoa Cu","Hoa",False,False,"(303) 555-0100","hoa@tailspintoys.com"
1017,"Sointu Aalto","Sointu",False,False,"(201) 555-0100","sointu@tailspintoys.com"
1018,"Jae-Gon Min","Jae-Gon",False,False,"(201) 555-0100","jae-gon@tailspintoys.com"
1019,"Siddhartha Parkar","Siddhartha",False,False,"(701) 555-0100","siddhartha@tailspintoys.com"
1020,"Paula Matos","Paula",False,False,"(701) 555-0100","paula@tailspintoys.com"
1021,"Elnaz Javan","Elnaz",False,False,"(215) 555-0100","elnaz@tailspintoys.com"
1022,"Jayashish Ghatak","Jayashish",False,False,"(215) 555-0100","jayashish@tailspintoys.com"
1023,"Heloisa Fernandes","Heloisa",False,False,"(218) 555-0100","heloisa@tailspintoys.com"
1024,"Amornrat Rattanaporn","Amornrat",False,False,"(218) 555-0100","amornrat@tailspintoys.com"
1025,"Razeena Hosseini","Razeena",False,False,"(217) 555-0100","razeena@tailspintoys.com"
1026,"Leticia Ribeiro","Leticia",False,False,"(217) 555-0100","leticia@tailspintoys.com"
1027,"Tereza Valentova","Tereza",False,False,"(240) 555-0100","tereza@tailspintoys.com"
1028,"Brijesh Ganguly","Brijesh",False,False,"(240) 555-0100","brijesh@tailspintoys.com"
1031,"Nitin Matondkar","Nitin",False,False,"(314) 555-0100","nitin@tailspintoys.com"
1032,"Joy Dutta","Joy",False,False,"(314) 555-0100","joy@tailspintoys.com"
1033,"Adam Kubat","Adam",False,False,"(216) 555-0100","adam@tailspintoys.com"
1034,"Gulzar Naidu","Gulzar",False,False,"(216) 555-0100","gulzar@tailspintoys.com"
1035,"Isabelle Vodlan","Isabelle",False,False,"(603) 555-0100","isabelle@tailspintoys.com"
1036,"Prakash Sarma","Prakash",False,False,"(603) 555-0100","prakash@tailspintoys.com"
1037,"Mithun Bhattacharya","Mithun",False,False,"(907) 555-0100","mithun@tailspintoys.com"
1038,"Sandhya Raju","Sandhya",False,False,"(907) 555-0100","sandhya@tailspintoys.com"
1039,"Nghi Hua","Nghi",False,False,"(206) 555-0100","nghi@tailspintoys.com"
1040,"Ravindra Parkar","Ravindra",False,False,"(206) 555-0100","ravindra@tailspintoys.com"
1041,"Duleep Raju","Duleep",False,False,"(215) 555-0100","duleep@tailspintoys.com"
1042,"Vlatka Duvnjak","Vlatka",False,False,"(215) 555-0100","vlatka@tailspintoys.com"
1043,"Cristina Longo","Cristina",False,False,"(239) 555-0100","cristina@tailspintoys.com"
1044,"Antonio Lucchese","Antonio",False,False,"(239) 555-0100","antonio@tailspintoys.com"
1045,"Hang Tang","Hang",False,False,"(907) 555-0100","hang@tailspintoys.com"
1046,"Hong Ang","Hong",False,False,"(907) 555-0100","hong@tailspintoys.com"
1047,"Intira Mookjai","Intira",False,False,"(252) 555-0100","intira@tailspintoys.com"
1048,"Young-Tae Kim","Young-Tae",False,False,"(252) 555-0100","young-tae@tailspintoys.com"
1049,"Sulabha Khalsa","Sulabha",False,False,"(209) 555-0100","sulabha@tailspintoys.com"
1050,"Alessandro Milano","Alessandro",False,False,"(209) 555-0100","alessandro@tailspintoys.com"
1051,"Dhanishta Majji","Dhanishta",False,False,"(319) 555-0100","dhanishta@tailspintoys.com"
1052,"Nils Podnieks","Nils",False,False,"(319) 555-0100","nils@tailspintoys.com"
1053,"Paula Gonzales","Paula",False,False,"(218) 555-0100","paula@tailspintoys.com"
1054,"Chetana Dewangan","Chetana",False,False,"(218) 555-0100","chetana@tailspintoys.com"
1055,"Tatjana Utjesenovic","Tatjana",False,False,"(212) 555-0100","tatjana@tailspintoys.com"
1056,"Theresa Boose","Theresa",False,False,"(212) 555-0100","theresa@tailspintoys.com"
1057,"Karel Hanak","Karel",False,False,"(205) 555-0100","karel@tailspintoys.com"
1058,"Fernanda Fierro","Fernanda",False,False,"(205) 555-0100","fernanda@tailspintoys.com"
1059,"Odessa Schneider","Odessa",False,False,"(206) 555-0100","odessa@tailspintoys.com"
1060,"Konrads Sprogis","Konrads",False,False,"(206) 555-0100","konrads@tailspintoys.com"
1061,"Kimberly Pace","Kimberly",False,False,"(206) 555-0100","kimberly@tailspintoys.com"
1062,"Shobha Gupta","Shobha",False,False,"(206) 555-0100","shobha@tailspintoys.com"
1065,"Haasini Rai","Haasini",False,False,"(803) 555-0100","haasini@tailspintoys.com"
1066,"Viktorie Melicharova","Viktorie",False,False,"(803) 555-0100","viktorie@tailspintoys.com"
1069,"Shah Omidi","Shah",False,False,"(304) 555-0100","shah@tailspintoys.com"
1070,"Chandra Mittal","Chandra",False,False,"(304) 555-0100","chandra@tailspintoys.com"
1071,"Ferhat Celik","Ferhat",False,False,"(270) 555-0100","ferhat@tailspintoys.com"
1072,"Leyla Celik","Leyla",False,False,"(270) 555-0100","leyla@tailspintoys.com"
1073,"Dayarama Kamei","Dayarama",False,False,"(458) 555-0100","dayarama@tailspintoys.com"
1074,"Elisabeth Flamand","Elisabeth",False,False,"(458) 555-0100","elisabeth@tailspintoys.com"
1075,"Nils Kalnins","Nils",False,False,"(314) 555-0100","nils@tailspintoys.com"
1076,"Rajiv Kotadia","Rajiv",False,False,"(314) 555-0100","rajiv@tailspintoys.com"
1077,"Ashish Acharya","Ashish",False,False,"(270) 555-0100","ashish@tailspintoys.com"
1078,"Filip Sedlar","Filip",False,False,"(270) 555-0100","filip@tailspintoys.com"
1081,"Lana Rozej","Lana",False,False,"(314) 555-0100","lana@tailspintoys.com"
1082,"Kalpana Mukherjee","Kalpana",False,False,"(314) 555-0100","kalpana@tailspintoys.com"
1083,"Chandrakanta Raut","Chandrakanta",False,False,"(212) 555-0100","chandrakanta@tailspintoys.com"
1084,"Ivan Castellanos","Ivan",False,False,"(212) 555-0100","ivan@tailspintoys.com"
1085,"Ganapati Gadiyaram","Ganapati",False,False,"(206) 555-0100","ganapati@tailspintoys.com"
1086,"Parsa Blijleven","Parsa",False,False,"(206) 555-0100","parsa@tailspintoys.com"
1087,"Adrijana Blagojevic","Adrijana",False,False,"(206) 555-0100","adrijana@tailspintoys.com"
1088,"Lina Martins","Lina",False,False,"(206) 555-0100","lina@tailspintoys.com"
1089,"Lap Dinh","Lap",False,False,"(240) 555-0100","lap@tailspintoys.com"
1090,"August Astrom","August",False,False,"(240) 555-0100","august@tailspintoys.com"
1091,"Didem ozCelik","Didem",False,False,"(205) 555-0100","didem@tailspintoys.com"
1092,"Krista Andrejev","Krista",False,False,"(205) 555-0100","krista@tailspintoys.com"
1093,"Serhat Akbulut","Serhat",False,False,"(209) 555-0100","serhat@tailspintoys.com"
1094,"Nadja Johansson","Nadja",False,False,"(209) 555-0100","nadja@tailspintoys.com"
1095,"Daniela Barrios","Daniela",False,False,"(206) 555-0100","daniela@tailspintoys.com"
1096,"Daina Celma","Daina",False,False,"(206) 555-0100","daina@tailspintoys.com"
1097,"Julia Slobodova","Julia",False,False,"(231) 555-0100","julia@tailspintoys.com"
1098,"Raimonds Kalnins","Raimonds",False,False,"(231) 555-0100","raimonds@tailspintoys.com"
1099,"Marcela Jankova","Marcela",False,False,"(304) 555-0100","marcela@tailspintoys.com"
1100,"Predrag Stojanovic","Predrag",False,False,"(304) 555-0100","predrag@tailspintoys.com"
1101,"Dipali Sonkar","Dipali",False,False,"(201) 555-0100","dipali@tailspintoys.com"
1102,"Mariana Apodaca","Mariana",False,False,"(201) 555-0100","mariana@tailspintoys.com"
1103,"Bansidhar Mitra","Bansidhar",False,False,"(209) 555-0100","bansidhar@tailspintoys.com"
1104,"Liia Mae","Liia",False,False,"(209) 555-0100","liia@tailspintoys.com"
1105,"Gunnar Persson","Gunnar",False,False,"(205) 555-0100","gunnar@tailspintoys.com"
1106,"Parvati Modi","Parvati",False,False,"(205) 555-0100","parvati@tailspintoys.com"
1107,"Vitezslav Rehak","Vitezslav",False,False,"(215) 555-0100","vitezslav@tailspintoys.com"
1108,"Parsa Van Vossen","Parsa",False,False,"(215) 555-0100","parsa@tailspintoys.com"
1109,"Bharat Sikdar","Bharat",False,False,"(229) 555-0100","bharat@tailspintoys.com"
1110,"Alain Aupry","Alain",False,False,"(229) 555-0100","alain@tailspintoys.com"
1111,"Juan Bezanson","Juan",False,False,"(206) 555-0100","juan@tailspintoys.com"
1112,"Ruby Charlton","Ruby",False,False,"(206) 555-0100","ruby@tailspintoys.com"
1113,"Aile Mae","Aile",False,False,"(216) 555-0100","aile@tailspintoys.com"
1114,"Margherita Lucchesi","Margherita",False,False,"(216) 555-0100","margherita@tailspintoys.com"
1115,"Pratap Varghese","Pratap",False,False,"(276) 555-0100","pratap@tailspintoys.com"
1116,"Marcel Marquis","Marcel",False,False,"(276) 555-0100","marcel@tailspintoys.com"
1117,"Margita Kopecka","Margita",False,False,"(339) 555-0100","margita@tailspintoys.com"
1118,"Mirjam Johansson","Mirjam",False,False,"(339) 555-0100","mirjam@tailspintoys.com"
1119,"Lekha Mitra","Lekha",False,False,"(304) 555-0100","lekha@tailspintoys.com"
1120,"Seeta Bose","Seeta",False,False,"(304) 555-0100","seeta@tailspintoys.com"
1121,"Abhoy PrabhupÄda","Abhoy",False,False,"(423) 555-0100","abhoy@tailspintoys.com"
1122,"Seok-Ho Jeon","Seok-Ho",False,False,"(423) 555-0100","seok-ho@tailspintoys.com"
1123,"Alida Caune","Alida",False,False,"(212) 555-0100","alida@tailspintoys.com"
1124,"Indiana Fritzsche","Indiana",False,False,"(212) 555-0100","indiana@tailspintoys.com"
1125,"Agnes Szolosy","Agnes",False,False,"(209) 555-0100","agnes@tailspintoys.com"
1126,"Yu-jin Jee","Yu-jin",False,False,"(209) 555-0100","yu-jin@tailspintoys.com"
1127,"Rohana Kaskar","Rohana",False,False,"(207) 555-0100","rohana@tailspintoys.com"
1128,"Grieta Kalnina","Grieta",False,False,"(207) 555-0100","grieta@tailspintoys.com"
1131,"Bao Dao","Bao",False,False,"(339) 555-0100","bao@tailspintoys.com"
1132,"Viljo Lampsa","Viljo",False,False,"(339) 555-0100","viljo@tailspintoys.com"
1133,"Preyakshna Aluri","Preyakshna",False,False,"(701) 555-0100","preyakshna@tailspintoys.com"
1134,"Chandan Raut","Chandan",False,False,"(701) 555-0100","chandan@tailspintoys.com"
1135,"Valentina Conti","Valentina",False,False,"(225) 555-0100","valentina@tailspintoys.com"
1136,"Narayan Mukherjee","Narayan",False,False,"(225) 555-0100","narayan@tailspintoys.com"
1137,"Theodore Saucier","Theodore",False,False,"(209) 555-0100","theodore@tailspintoys.com"
1138,"Chaowalit Pornpipatpong","Chaowalit",False,False,"(209) 555-0100","chaowalit@tailspintoys.com"
1139,"Mariana Fierro","Mariana",False,False,"(217) 555-0100","mariana@tailspintoys.com"
1140,"Ivana Kozakova","Ivana",False,False,"(217) 555-0100","ivana@tailspintoys.com"
1141,"Afshin Djalili","Afshin",False,False,"(231) 555-0100","afshin@tailspintoys.com"
1142,"Vaclav Holy","Vaclav",False,False,"(231) 555-0100","vaclav@tailspintoys.com"
1143,"Bianh Phan","Bianh",False,False,"(480) 555-0100","bianh@tailspintoys.com"
1144,"Kanti Pipalia","Kanti",False,False,"(480) 555-0100","kanti@tailspintoys.com"
1145,"Koknesis Vitols","Koknesis",False,False,"(218) 555-0100","koknesis@tailspintoys.com"
1146,"Malle Sepp","Malle",False,False,"(218) 555-0100","malle@tailspintoys.com"
1147,"Roxane Rastgu","Roxane",False,False,"(787) 555-0100","roxane@tailspintoys.com"
1148,"Hue Chu","Hue",False,False,"(787) 555-0100","hue@tailspintoys.com"
1149,"Vlasta Srbova","Vlasta",False,False,"(203) 555-0100","vlasta@tailspintoys.com"
1150,"Gadhar Ghosh","Gadhar",False,False,"(203) 555-0100","gadhar@tailspintoys.com"
1151,"Lata Babu","Lata",False,False,"(405) 555-0100","lata@tailspintoys.com"
1152,"Chandra De","Chandra",False,False,"(405) 555-0100","chandra@tailspintoys.com"
1153,"Airi Vassiljev","Airi",False,False,"(229) 555-0100","airi@tailspintoys.com"
1154,"Hoang La","Hoang",False,False,"(229) 555-0100","hoang@tailspintoys.com"
1155,"Duleep Walia","Duleep",False,False,"(206) 555-0100","duleep@tailspintoys.com"
1156,"Satish Gill","Satish",False,False,"(206) 555-0100","satish@tailspintoys.com"
1157,"Matyas Macek","Matyas",False,False,"(316) 555-0100","matyas@tailspintoys.com"
1158,"Ethan Hopkins","Ethan",False,False,"(316) 555-0100","ethan@tailspintoys.com"
1159,"Bharat Ankitham","Bharat",False,False,"(252) 555-0100","bharat@tailspintoys.com"
1160,"Be Phan","Be",False,False,"(252) 555-0100","be@tailspintoys.com"
1161,"Vera Kubatova","Vera",False,False,"(212) 555-0100","vera@tailspintoys.com"
1162,"Diego Almeida","Diego",False,False,"(212) 555-0100","diego@tailspintoys.com"
1163,"Rakesh Nishad","Rakesh",False,False,"(505) 555-0100","rakesh@tailspintoys.com"
1164,"Huu Hoa","Huu",False,False,"(505) 555-0100","huu@tailspintoys.com"
1165,"Sang Tran","Sang",False,False,"(201) 555-0100","sang@tailspintoys.com"
1166,"Bela Nemeth","Bela",False,False,"(201) 555-0100","bela@tailspintoys.com"
1167,"Eekalabya Bose","Eekalabya",False,False,"(787) 555-0100","eekalabya@tailspintoys.com"
1168,"Margherita Bucco","Margherita",False,False,"(787) 555-0100","margherita@tailspintoys.com"
1169,"Tommy Kilpi","Tommy",False,False,"(303) 555-0100","tommy@tailspintoys.com"
1170,"Giri Bhamidipati","Giri",False,False,"(303) 555-0100","giri@tailspintoys.com"
1171,"Andrea Ricci","Andrea",False,False,"(216) 555-0100","andrea@tailspintoys.com"
1172,"Chung-Ho Han","Chung-Ho",False,False,"(216) 555-0100","chung-ho@tailspintoys.com"
1173,"Isabell  Duperre","Isabell",False,False,"(212) 555-0100","isabell @tailspintoys.com"
1174,"Jasna Vujica","Jasna",False,False,"(212) 555-0100","jasna@tailspintoys.com"
1175,"Amarendra Ankitham","Amarendra",False,False,"(339) 555-0100","amarendra@tailspintoys.com"
1176,"Isak Berggren","Isak",False,False,"(339) 555-0100","isak@tailspintoys.com"
1177,"Aakarsha Nookala","Aakarsha",False,False,"(201) 555-0100","aakarsha@tailspintoys.com"
1178,"Ilgonis Rozitis","Ilgonis",False,False,"(201) 555-0100","ilgonis@tailspintoys.com"
1179,"Stanislav Sedlar","Stanislav",False,False,"(701) 555-0100","stanislav@tailspintoys.com"
1180,"Telma Arvidsson","Telma",False,False,"(701) 555-0100","telma@tailspintoys.com"
1181,"GokCe Karaca","GokCe",False,False,"(603) 555-0100","gokce@tailspintoys.com"
1182,"Maria Munteanu","Maria",False,False,"(603) 555-0100","maria@tailspintoys.com"
1183,"Coralie Emond","Coralie",False,False,"(803) 555-0100","coralie@tailspintoys.com"
1184,"Cong Trung","Cong",False,False,"(803) 555-0100","cong@tailspintoys.com"
1185,"Karina Celmina","Karina",False,False,"(239) 555-0100","karina@tailspintoys.com"
1186,"Nik Stoimenova","Nik",False,False,"(239) 555-0100","nik@tailspintoys.com"
1187,"Teresa Pisani","Teresa",False,False,"(303) 555-0100","teresa@tailspintoys.com"
1188,"Murugan Thakur","Murugan",False,False,"(303) 555-0100","murugan@tailspintoys.com"
1193,"Karie Seymour","Karie",False,False,"(802) 555-0100","karie@tailspintoys.com"
1194,"Lorenzo Lee","Lorenzo",False,False,"(802) 555-0100","lorenzo@tailspintoys.com"
1195,"Timea Peto","Timea",False,False,"(209) 555-0100","timea@tailspintoys.com"
1196,"Amanat Shaker Doust","Amanat",False,False,"(209) 555-0100","amanat@tailspintoys.com"
1197,"Victoria Ene","Victoria",False,False,"(205) 555-0100","victoria@tailspintoys.com"
1198,"Panit Meesang","Panit",False,False,"(205) 555-0100","panit@tailspintoys.com"
1199,"Bhavani Bhowmick","Bhavani",False,False,"(215) 555-0100","bhavani@tailspintoys.com"
1200,"Ivica Debeljak","Ivica",False,False,"(215) 555-0100","ivica@tailspintoys.com"
1201,"Yasmine Berggren","Yasmine",False,False,"(505) 555-0100","yasmine@tailspintoys.com"
1202,"Anima Bagchi","Anima",False,False,"(505) 555-0100","anima@tailspintoys.com"
1203,"Tea Koppel","Tea",False,False,"(209) 555-0100","tea@tailspintoys.com"
1204,"Bozena Palatova","Bozena",False,False,"(209) 555-0100","bozena@tailspintoys.com"
1205,"Naseem Radan","Naseem",False,False,"(316) 555-0100","naseem@tailspintoys.com"
1206,"Geza Olteanu","Geza",False,False,"(316) 555-0100","geza@tailspintoys.com"
1207,"Laboni Deb","Laboni",False,False,"(207) 555-0100","laboni@tailspintoys.com"
1208,"Antonin Klaus","Antonin",False,False,"(207) 555-0100","antonin@tailspintoys.com"
1209,"Sung-Hwan Hwang","Sung-Hwan",False,False,"(228) 555-0100","sung-hwan@tailspintoys.com"
1210,"Reigo Rebane","Reigo",False,False,"(228) 555-0100","reigo@tailspintoys.com"
1211,"Shiva Pipalia","Shiva",False,False,"(480) 555-0100","shiva@tailspintoys.com"
1212,"Aishwarya Beniwal","Aishwarya",False,False,"(480) 555-0100","aishwarya@tailspintoys.com"
1213,"Karie Mercier","Karie",False,False,"(209) 555-0100","karie@tailspintoys.com"
1214,"Milada Buresova","Milada",False,False,"(209) 555-0100","milada@tailspintoys.com"
1215,"Bhanu Thota","Bhanu",False,False,"(314) 555-0100","bhanu@tailspintoys.com"
1216,"Cyrus Poursokh","Cyrus",False,False,"(314) 555-0100","cyrus@tailspintoys.com"
1217,"Ae-Cha Joo","Ae-Cha",False,False,"(209) 555-0100","ae-cha@tailspintoys.com"
1218,"Jawid Pourali","Jawid",False,False,"(209) 555-0100","jawid@tailspintoys.com"
1219,"Dinara Saparkyzy","Dinara",False,False,"(219) 555-0100","dinara@tailspintoys.com"
1220,"Karel Sedlar","Karel",False,False,"(219) 555-0100","karel@tailspintoys.com"
1221,"Adam Dvorak","Adam",False,False,"(239) 555-0100","adam@tailspintoys.com"
1222,"Dhanishta Vankayala","Dhanishta",False,False,"(239) 555-0100","dhanishta@tailspintoys.com"
1223,"Ingrida Celmina","Ingrida",False,False,"(316) 555-0100","ingrida@tailspintoys.com"
1224,"Be Dang","Be",False,False,"(316) 555-0100","be@tailspintoys.com"
1225,"Jae-Hwa Jang","Jae-Hwa",False,False,"(505) 555-0100","jae-hwa@tailspintoys.com"
1226,"Clara Cunha","Clara",False,False,"(505) 555-0100","clara@tailspintoys.com"
1227,"Duck-Hwan Bae","Duck-Hwan",False,False,"(803) 555-0100","duck-hwan@tailspintoys.com"
1228,"Surya Mishra","Surya",False,False,"(803) 555-0100","surya@tailspintoys.com"
1229,"Jagoda Vasiljevic","Jagoda",False,False,"(252) 555-0100","jagoda@tailspintoys.com"
1230,"Eero Raud","Eero",False,False,"(252) 555-0100","eero@tailspintoys.com"
1231,"Toma Nastase","Toma",False,False,"(787) 555-0100","toma@tailspintoys.com"
1232,"Arjuna Haldar","Arjuna",False,False,"(787) 555-0100","arjuna@tailspintoys.com"
1233,"Valerio Cardoso","Valerio",False,False,"(385) 555-0100","valerio@tailspintoys.com"
1234,"Zac Wintle","Zac",False,False,"(385) 555-0100","zac@tailspintoys.com"
1235,"Ileana Aguilar","Ileana",False,False,"(207) 555-0100","ileana@tailspintoys.com"
1236,"Cai Nguyen","Cai",False,False,"(207) 555-0100","cai@tailspintoys.com"
1237,"Tjasa Weitzer","Tjasa",False,False,"(229) 555-0100","tjasa@tailspintoys.com"
1238,"Shefali Bose","Shefali",False,False,"(229) 555-0100","shefali@tailspintoys.com"
1239,"Lucas Van Veenen","Lucas",False,False,"(216) 555-0100","lucas@tailspintoys.com"
1240,"Farzana Saidi","Farzana",False,False,"(216) 555-0100","farzana@tailspintoys.com"
1241,"Steven Frasier","Steven",False,False,"(218) 555-0100","steven@tailspintoys.com"
1242,"Amaranaath Muppavarapu","Amaranaath",False,False,"(218) 555-0100","amaranaath@tailspintoys.com"
1243,"Mauri Enestam","Mauri",False,False,"(303) 555-0100","mauri@tailspintoys.com"
1244,"Lakshmi Nair","Lakshmi",False,False,"(303) 555-0100","lakshmi@tailspintoys.com"
1245,"Ella Zvirbule","Ella",False,False,"(212) 555-0100","ella@tailspintoys.com"
1246,"Vicente ChÃ¡vez","Vicente",False,False,"(212) 555-0100","vicente@tailspintoys.com"
1247,"Sevim AydÄ±n","Sevim",False,False,"(216) 555-0100","sevim@tailspintoys.com"
1248,"Tamer Ayhan","Tamer",False,False,"(216) 555-0100","tamer@tailspintoys.com"
1249,"Blanka Stavinohova","Blanka",False,False,"(304) 555-0100","blanka@tailspintoys.com"
1250,"Josefa Diaz","Josefa",False,False,"(304) 555-0100","josefa@tailspintoys.com"
1251,"Akanksha Iyengar","Akanksha",False,False,"(201) 555-0100","akanksha@tailspintoys.com"
1252,"Markus Kantee","Markus",False,False,"(201) 555-0100","markus@tailspintoys.com"
1253,"Kertu Smirnov","Kertu",False,False,"(206) 555-0100","kertu@tailspintoys.com"
1254,"Lovro Kulaga","Lovro",False,False,"(206) 555-0100","lovro@tailspintoys.com"
1255,"Jure Grabensek","Jure",False,False,"(303) 555-0100","jure@tailspintoys.com"
1256,"Chompunut Jetjirawat","Chompunut",False,False,"(303) 555-0100","chompunut@tailspintoys.com"
1257,"Javiera Madera","Javiera",False,False,"(231) 555-0100","javiera@tailspintoys.com"
1258,"Geetanjali Bagchi","Geetanjali",False,False,"(231) 555-0100","geetanjali@tailspintoys.com"
1259,"Aija Mottola","Aija",False,False,"(201) 555-0100","aija@tailspintoys.com"
1260,"Elli Berg","Elli",False,False,"(201) 555-0100","elli@tailspintoys.com"
1261,"Darshan Gupta","Darshan",False,False,"(907) 555-0100","darshan@tailspintoys.com"
1262,"Prem Reddy","Prem",False,False,"(907) 555-0100","prem@tailspintoys.com"
1263,"Akanksha Sarma","Akanksha",False,False,"(208) 555-0100","akanksha@tailspintoys.com"
1264,"Edward Alfred","Edward",False,False,"(208) 555-0100","edward@tailspintoys.com"
1265,"Aino Kallas","Aino",False,False,"(212) 555-0100","aino@tailspintoys.com"
1266,"Dhaaruni Vinjamuri","Dhaaruni",False,False,"(212) 555-0100","dhaaruni@tailspintoys.com"
1267,"An Dung Phung","An Dung",False,False,"(239) 555-0100","an dung@tailspintoys.com"
1268,"Ioana Ibanescu","Ioana",False,False,"(239) 555-0100","ioana@tailspintoys.com"
1269,"Gaurav Sikdar","Gaurav",False,False,"(314) 555-0100","gaurav@tailspintoys.com"
1270,"Christian Berggren","Christian",False,False,"(314) 555-0100","christian@tailspintoys.com"
1271,"Anirban Sen","Anirban",False,False,"(702) 555-0100","anirban@tailspintoys.com"
1272,"Joel Koivisto","Joel",False,False,"(702) 555-0100","joel@tailspintoys.com"
1273,"Chandrakanta Benjaree","Chandrakanta",False,False,"(385) 555-0100","chandrakanta@tailspintoys.com"
1274,"Joy Das","Joy",False,False,"(385) 555-0100","joy@tailspintoys.com"
1275,"Badari Chadalavada","Badari",False,False,"(252) 555-0100","badari@tailspintoys.com"
1276,"Zala Ude","Zala",False,False,"(252) 555-0100","zala@tailspintoys.com"
1277,"Gabriele Udinesi","Gabriele",False,False,"(803) 555-0100","gabriele@tailspintoys.com"
1278,"Murugan Dewangan","Murugan",False,False,"(803) 555-0100","murugan@tailspintoys.com"
1279,"Malay PrabhupÄda","Malay",False,False,"(316) 555-0100","malay@tailspintoys.com"
1280,"Nghi Ly","Nghi",False,False,"(316) 555-0100","nghi@tailspintoys.com"
1281,"Hedi Koppel","Hedi",False,False,"(314) 555-0100","hedi@tailspintoys.com"
1282,"Teodors Klavins","Teodors",False,False,"(314) 555-0100","teodors@tailspintoys.com"
1283,"Denisa Ioveanu","Denisa",False,False,"(907) 555-0100","denisa@tailspintoys.com"
1284,"Cosmin Nutiu","Cosmin",False,False,"(907) 555-0100","cosmin@tailspintoys.com"
1285,"Vaclav Polaskova","Vaclav",False,False,"(216) 555-0100","vaclav@tailspintoys.com"
1286,"Georg Valbe","Georg",False,False,"(216) 555-0100","georg@tailspintoys.com"
1287,"Pramod Nishad","Pramod",False,False,"(225) 555-0100","pramod@tailspintoys.com"
1288,"Avani Aggarwal","Avani",False,False,"(225) 555-0100","avani@tailspintoys.com"
1289,"Prasong Tuntayakul","Prasong",False,False,"(201) 555-0100","prasong@tailspintoys.com"
1290,"Mariela Pasek","Mariela",False,False,"(201) 555-0100","mariela@tailspintoys.com"
1291,"Aija Zvaigzne","Aija",False,False,"(205) 555-0100","aija@tailspintoys.com"
1292,"Dharanikumaar Sonti","Dharanikumaar",False,False,"(205) 555-0100","dharanikumaar@tailspintoys.com"
1293,"Gilbert Pelland","Gilbert",False,False,"(406) 555-0100","gilbert@tailspintoys.com"
1294,"Ngoc Cao","Ngoc",False,False,"(406) 555-0100","ngoc@tailspintoys.com"
1295,"Marcella Napolitani","Marcella",False,False,"(262) 555-0100","marcella@tailspintoys.com"
1296,"Pavol Oravec","Pavol",False,False,"(262) 555-0100","pavol@tailspintoys.com"
1297,"Femke Hollenberg","Femke",False,False,"(218) 555-0100","femke@tailspintoys.com"
1298,"Roman Kubat","Roman",False,False,"(218) 555-0100","roman@tailspintoys.com"
1299,"Brita Jarvi","Brita",False,False,"(212) 555-0100","brita@tailspintoys.com"
1300,"Lucie Hrdlickova","Lucie",False,False,"(212) 555-0100","lucie@tailspintoys.com"
1301,"Donato Araujo","Donato",False,False,"(480) 555-0100","donato@tailspintoys.com"
1302,"Alaine Berthelette","Alaine",False,False,"(480) 555-0100","alaine@tailspintoys.com"
1303,"Aleksander Jarvi","Aleksander",False,False,"(406) 555-0100","aleksander@tailspintoys.com"
1304,"Kurt Konecny","Kurt",False,False,"(406) 555-0100","kurt@tailspintoys.com"
1305,"Malati Shenoy","Malati",False,False,"(218) 555-0100","malati@tailspintoys.com"
1306,"Duong Duong","Duong",False,False,"(218) 555-0100","duong@tailspintoys.com"
1307,"Gui-Hyun Ji","Gui-Hyun",False,False,"(218) 555-0100","gui-hyun@tailspintoys.com"
1308,"Karl Kangur","Karl",False,False,"(218) 555-0100","karl@tailspintoys.com"
1309,"Michal Polaskova","Michal",False,False,"(262) 555-0100","michal@tailspintoys.com"
1310,"Debendra Chakraborty","Debendra",False,False,"(262) 555-0100","debendra@tailspintoys.com"
1313,"Peter Macias","Peter",False,False,"(205) 555-0100","peter@tailspintoys.com"
1314,"Nasrin Fard","Nasrin",False,False,"(205) 555-0100","nasrin@tailspintoys.com"
1315,"Kurt Lukes","Kurt",False,False,"(225) 555-0100","kurt@tailspintoys.com"
1316,"Daman Devulapalli","Daman",False,False,"(225) 555-0100","daman@tailspintoys.com"
1317,"Beatrise Bite","Beatrise",False,False,"(218) 555-0100","beatrise@tailspintoys.com"
1318,"Hele Semjonov","Hele",False,False,"(218) 555-0100","hele@tailspintoys.com"
1319,"Bishwanath Ghosh","Bishwanath",False,False,"(701) 555-0100","bishwanath@tailspintoys.com"
1320,"Gasper Jovicevic","Gasper",False,False,"(701) 555-0100","gasper@tailspintoys.com"
1321,"Gianguido Lucchesi","Gianguido",False,False,"(303) 555-0100","gianguido@tailspintoys.com"
1322,"Harihar Chatterjee","Harihar",False,False,"(303) 555-0100","harihar@tailspintoys.com"
1323,"Nu Bach","Nu",False,False,"(212) 555-0100","nu@tailspintoys.com"
1324,"Gautama Reddy","Gautama",False,False,"(212) 555-0100","gautama@tailspintoys.com"
1325,"Ivonna Ene","Ivonna",False,False,"(702) 555-0100","ivonna@tailspintoys.com"
1326,"Girish Banerjee","Girish",False,False,"(702) 555-0100","girish@tailspintoys.com"
1327,"Ceyhun sahin","Ceyhun",False,False,"(215) 555-0100","ceyhun@tailspintoys.com"
1328,"Dhir Bhattacharya","Dhir",False,False,"(215) 555-0100","dhir@tailspintoys.com"
1329,"Tian Peng","Tian",False,False,"(203) 555-0100","tian@tailspintoys.com"
1330,"Mariano Costa","Mariano",False,False,"(203) 555-0100","mariano@tailspintoys.com"
1337,"Nils Balodis","Nils",False,False,"(307) 555-0100","nils@tailspintoys.com"
1338,"Bernadette    Potvin","Bernadette",False,False,"(307) 555-0100","bernadette   @tailspintoys.com"
1339,"Daniella Barbosa","Daniella",False,False,"(212) 555-0100","daniella@tailspintoys.com"
1340,"Nancy Hansson","Nancy",False,False,"(212) 555-0100","nancy@tailspintoys.com"
1341,"Raymond Levesque","Raymond",False,False,"(201) 555-0100","raymond@tailspintoys.com"
1342,"Linda Fisher","Linda",False,False,"(201) 555-0100","linda@tailspintoys.com"
1343,"Raymond Desforges","Raymond",False,False,"(505) 555-0100","raymond@tailspintoys.com"
1344,"Stern Neumann","Stern",False,False,"(505) 555-0100","stern@tailspintoys.com"
1345,"Raju Atluri","Raju",False,False,"(212) 555-0100","raju@tailspintoys.com"
1346,"Cezar Preda","Cezar",False,False,"(212) 555-0100","cezar@tailspintoys.com"
1347,"Matyas Bohuslav","Matyas",False,False,"(239) 555-0100","matyas@tailspintoys.com"
1348,"Ambaajeeraav Ghattamaneni","Ambaajeeraav",False,False,"(239) 555-0100","ambaajeeraav@tailspintoys.com"
1349,"Julio Correa","Julio",False,False,"(505) 555-0100","julio@tailspintoys.com"
1350,"Hamsapriya Nandamuri","Hamsapriya",False,False,"(505) 555-0100","hamsapriya@tailspintoys.com"
1351,"Banshari De","Banshari",False,False,"(206) 555-0100","banshari@tailspintoys.com"
1352,"Sudhir Yadav","Sudhir",False,False,"(206) 555-0100","sudhir@tailspintoys.com"
1353,"Ngai Lam","Ngai",False,False,"(215) 555-0100","ngai@tailspintoys.com"
1354,"Camille Hetu","Camille",False,False,"(215) 555-0100","camille@tailspintoys.com"
1355,"Hyun-Doo Song","Hyun-Doo",False,False,"(262) 555-0100","hyun-doo@tailspintoys.com"
1356,"BahadÄ±r Korkmaz","BahadÄ±r",False,False,"(262) 555-0100","bahadä±r@tailspintoys.com"
1357,"Gabriela Srbova","Gabriela",False,False,"(319) 555-0100","gabriela@tailspintoys.com"
1358,"Priya kaushal","Priya",False,False,"(319) 555-0100","priya@tailspintoys.com"
1359,"Serkan senturk","Serkan",False,False,"(702) 555-0100","serkan@tailspintoys.com"
1360,"Fatemeh Javan","Fatemeh",False,False,"(702) 555-0100","fatemeh@tailspintoys.com"
1361,"Aahlada Thota","Aahlada",False,False,"(215) 555-0100","aahlada@tailspintoys.com"
1362,"Marten Keskkula","Marten",False,False,"(215) 555-0100","marten@tailspintoys.com"
1363,"Ayberk sahin","Ayberk",False,False,"(308) 555-0100","ayberk@tailspintoys.com"
1364,"Magda Ciora","Magda",False,False,"(308) 555-0100","magda@tailspintoys.com"
1365,"Kaan Tekin","Kaan",False,False,"(239) 555-0100","kaan@tailspintoys.com"
1366,"Harshini Kommineni","Harshini",False,False,"(239) 555-0100","harshini@tailspintoys.com"
1367,"Lata Khandke","Lata",False,False,"(216) 555-0100","lata@tailspintoys.com"
1368,"Emil Nutiu","Emil",False,False,"(216) 555-0100","emil@tailspintoys.com"
1369,"Truman Eder","Truman",False,False,"(225) 555-0100","truman@tailspintoys.com"
1370,"Lale Javan","Lale",False,False,"(225) 555-0100","lale@tailspintoys.com"
1371,"Lorraine Paulet","Lorraine",False,False,"(458) 555-0100","lorraine@tailspintoys.com"
1372,"Yusuf Johansson","Yusuf",False,False,"(458) 555-0100","yusuf@tailspintoys.com"
1373,"Biplab De","Biplab",False,False,"(231) 555-0100","biplab@tailspintoys.com"
1374,"Dhanishta Kidambi","Dhanishta",False,False,"(231) 555-0100","dhanishta@tailspintoys.com"
1377,"Sara Charlton","Sara",False,False,"(215) 555-0100","sara@tailspintoys.com"
1378,"Libor safranek","Libor",False,False,"(215) 555-0100","libor@tailspintoys.com"
1379,"Ramesh Mukherjee","Ramesh",False,False,"(217) 555-0100","ramesh@tailspintoys.com"
1380,"Byung-Hyun Gwak","Byung-Hyun",False,False,"(217) 555-0100","byung-hyun@tailspintoys.com"
1381,"Ester Ahmadian","Ester",False,False,"(229) 555-0100","ester@tailspintoys.com"
1382,"Kanika Mazumdar","Kanika",False,False,"(229) 555-0100","kanika@tailspintoys.com"
1383,"Daniel Magnusson","Daniel",False,False,"(505) 555-0100","daniel@tailspintoys.com"
1384,"Cemal Dogan","Cemal",False,False,"(505) 555-0100","cemal@tailspintoys.com"
1385,"Jack Carpenter","Jack",False,False,"(270) 555-0100","jack@tailspintoys.com"
1386,"Am Lieu","Am",False,False,"(270) 555-0100","am@tailspintoys.com"
1387,"Thomas Fischer","Thomas",False,False,"(239) 555-0100","thomas@tailspintoys.com"
1388,"Neil Logan","Neil",False,False,"(239) 555-0100","neil@tailspintoys.com"
1389,"Viollette Monty","Viollette",False,False,"(803) 555-0100","viollette@tailspintoys.com"
1390,"Gita Dutta","Gita",False,False,"(803) 555-0100","gita@tailspintoys.com"
1391,"Alinne Cardoso","Alinne",False,False,"(308) 555-0100","alinne@tailspintoys.com"
1392,"Uma Pandit","Uma",False,False,"(308) 555-0100","uma@tailspintoys.com"
1393,"Mani Poddar","Mani",False,False,"(209) 555-0100","mani@tailspintoys.com"
1394,"Rama Mukaddam","Rama",False,False,"(209) 555-0100","rama@tailspintoys.com"
1395,"Deakshitulu Mokkapati","Deakshitulu",False,False,"(314) 555-0100","deakshitulu@tailspintoys.com"
1396,"Tereza PinÄakova","Tereza",False,False,"(314) 555-0100","tereza@tailspintoys.com"
1397,"Cezar Pavel","Cezar",False,False,"(303) 555-0100","cezar@tailspintoys.com"
1398,"Bahaar Yekta","Bahaar",False,False,"(303) 555-0100","bahaar@tailspintoys.com"
1399,"Fanni Benko","Fanni",False,False,"(385) 555-0100","fanni@tailspintoys.com"
1400,"Amar Dutta","Amar",False,False,"(385) 555-0100","amar@tailspintoys.com"
1401,"Brenda Morgan","Brenda",False,False,"(206) 555-0100","brenda@tailspintoys.com"
1402,"Kamal Nakhtare","Kamal",False,False,"(206) 555-0100","kamal@tailspintoys.com"
2001,"Olga Alexandrova","Olga",False,False,"(303) 555-0100","olga@wingtiptoys.com"
2002,"Bibi Javan","Bibi",False,False,"(303) 555-0100","bibi@wingtiptoys.com"
2003,"Maris Baltins","Maris",False,False,"(215) 555-0100","maris@wingtiptoys.com"
2004,"Taneli Hahl","Taneli",False,False,"(215) 555-0100","taneli@wingtiptoys.com"
2005,"Parsa Reuser","Parsa",False,False,"(480) 555-0100","parsa@wingtiptoys.com"
2006,"Da-eun Kwak","Da-eun",False,False,"(480) 555-0100","da-eun@wingtiptoys.com"
2007,"Duleep Srivastava","Duleep",False,False,"(215) 555-0100","duleep@wingtiptoys.com"
2008,"Kurt Balog","Kurt",False,False,"(215) 555-0100","kurt@wingtiptoys.com"
2009,"Miran Nikolic","Miran",False,False,"(217) 555-0100","miran@wingtiptoys.com"
2010,"Indra Mudaliyar","Indra",False,False,"(217) 555-0100","indra@wingtiptoys.com"
2011,"Calin Bojin","Calin",False,False,"(205) 555-0100","calin@wingtiptoys.com"
2012,"Maxime Westerink","Maxime",False,False,"(205) 555-0100","maxime@wingtiptoys.com"
2013,"Lang Le","Lang",False,False,"(225) 555-0100","lang@wingtiptoys.com"
2014,"Bozena Divisova","Bozena",False,False,"(225) 555-0100","bozena@wingtiptoys.com"
2017,"Dimitry Nechita","Dimitry",False,False,"(209) 555-0100","dimitry@wingtiptoys.com"
2018,"Meredith Padilla","Meredith",False,False,"(209) 555-0100","meredith@wingtiptoys.com"
2021,"Fransje Mutlu","Fransje",False,False,"(262) 555-0100","fransje@wingtiptoys.com"
2022,"Karel Hybl","Karel",False,False,"(262) 555-0100","karel@wingtiptoys.com"
2023,"Chati Ornlamai","Chati",False,False,"(406) 555-0100","chati@wingtiptoys.com"
2024,"Tajana Lovric","Tajana",False,False,"(406) 555-0100","tajana@wingtiptoys.com"
2027,"Lan Chu","Lan",False,False,"(215) 555-0100","lan@wingtiptoys.com"
2028,"Tereza Prikrylova","Tereza",False,False,"(215) 555-0100","tereza@wingtiptoys.com"
2029,"Maurice English","Maurice",False,False,"(229) 555-0100","maurice@wingtiptoys.com"
2030,"Daniella Ribeiro","Daniella",False,False,"(229) 555-0100","daniella@wingtiptoys.com"
2031,"Irene Sepp","Irene",False,False,"(262) 555-0100","irene@wingtiptoys.com"
2032,"Hubert Fields","Hubert",False,False,"(262) 555-0100","hubert@wingtiptoys.com"
2033,"Chandranath Bose","Chandranath",False,False,"(262) 555-0100","chandranath@wingtiptoys.com"
2034,"Gaurav Acharya","Gaurav",False,False,"(262) 555-0100","gaurav@wingtiptoys.com"
2035,"Ana Julijana Isa","Ana Julijana",False,False,"(406) 555-0100","ana julijana@wingtiptoys.com"
2036,"Libor Klaus","Libor",False,False,"(406) 555-0100","libor@wingtiptoys.com"
2037,"Gireesh Bhogireddy","Gireesh",False,False,"(239) 555-0100","gireesh@wingtiptoys.com"
2038,"Stanislav Zeman","Stanislav",False,False,"(239) 555-0100","stanislav@wingtiptoys.com"
2039,"Premwadee Atitarn","Premwadee",False,False,"(209) 555-0100","premwadee@wingtiptoys.com"
2040,"Deeptendu Das","Deeptendu",False,False,"(209) 555-0100","deeptendu@wingtiptoys.com"
2041,"Nishant Patil","Nishant",False,False,"(205) 555-0100","nishant@wingtiptoys.com"
2042,"Bhaagyalakshmi Rajanala","Bhaagyalakshmi",False,False,"(205) 555-0100","bhaagyalakshmi@wingtiptoys.com"
2043,"Rohan Das","Rohan",False,False,"(206) 555-0100","rohan@wingtiptoys.com"
2044,"Bhaanusree Ankitham","Bhaanusree",False,False,"(206) 555-0100","bhaanusree@wingtiptoys.com"
2045,"Aamdaal Kamasamudram","Aamdaal",False,False,"(316) 555-0100","aamdaal@wingtiptoys.com"
2046,"Karita Rosberg","Karita",False,False,"(316) 555-0100","karita@wingtiptoys.com"
2047,"Baebeesarasvati Kamasamudram","Baebeesarasvati",False,False,"(308) 555-0100","baebeesarasvati@wingtiptoys.com"
2048,"Hana Palatova","Hana",False,False,"(308) 555-0100","hana@wingtiptoys.com"
2049,"Marcello Dellucci","Marcello",False,False,"(405) 555-0100","marcello@wingtiptoys.com"
2050,"Shobha Raju","Shobha",False,False,"(405) 555-0100","shobha@wingtiptoys.com"
2051,"Mee-Kyong Sin","Mee-Kyong",False,False,"(480) 555-0100","mee-kyong@wingtiptoys.com"
2052,"VÄ›ra Kopecka","VÄ›ra",False,False,"(480) 555-0100","vä›ra@wingtiptoys.com"
2053,"Ivica LuÄic","Ivica",False,False,"(212) 555-0100","ivica@wingtiptoys.com"
2054,"David Svoboda","David",False,False,"(212) 555-0100","david@wingtiptoys.com"
2055,"Vinicius Correa","Vinicius",False,False,"(231) 555-0100","vinicius@wingtiptoys.com"
2056,"Surat Pornpipatpong","Surat",False,False,"(231) 555-0100","surat@wingtiptoys.com"
2057,"Fabio Pena","Fabio",False,False,"(314) 555-0100","fabio@wingtiptoys.com"
2058,"Kauan Gomes","Kauan",False,False,"(314) 555-0100","kauan@wingtiptoys.com"
2059,"Lakshmi Roy","Lakshmi",False,False,"(208) 555-0100","lakshmi@wingtiptoys.com"
2060,"Kersti Mihhailov","Kersti",False,False,"(208) 555-0100","kersti@wingtiptoys.com"
2061,"Selma Seppanen","Selma",False,False,"(787) 555-0100","selma@wingtiptoys.com"
2062,"Danielle  Brasseur","Danielle",False,False,"(787) 555-0100","danielle @wingtiptoys.com"
2063,"Bay Ly","Bay",False,False,"(239) 555-0100","bay@wingtiptoys.com"
2064,"Sanjiv Raina","Sanjiv",False,False,"(239) 555-0100","sanjiv@wingtiptoys.com"
2065,"Adirake Saenamuang","Adirake",False,False,"(405) 555-0100","adirake@wingtiptoys.com"
2066,"Leena De","Leena",False,False,"(405) 555-0100","leena@wingtiptoys.com"
2067,"Tarja Penttila","Tarja",False,False,"(212) 555-0100","tarja@wingtiptoys.com"
2068,"Gunnar Larsson","Gunnar",False,False,"(212) 555-0100","gunnar@wingtiptoys.com"
2069,"Devendranath Huq","Devendranath",False,False,"(217) 555-0100","devendranath@wingtiptoys.com"
2070,"Vicente Cabrera","Vicente",False,False,"(217) 555-0100","vicente@wingtiptoys.com"
2071,"Enes Olsson","Enes",False,False,"(276) 555-0100","enes@wingtiptoys.com"
2072,"Milada Kubatova","Milada",False,False,"(276) 555-0100","milada@wingtiptoys.com"
2073,"Vanja Grgic","Vanja",False,False,"(215) 555-0100","vanja@wingtiptoys.com"
2074,"Daniela Omelkova","Daniela",False,False,"(215) 555-0100","daniela@wingtiptoys.com"
2075,"Dayaram Mishra","Dayaram",False,False,"(216) 555-0100","dayaram@wingtiptoys.com"
2076,"Gal Kokeza","Gal",False,False,"(216) 555-0100","gal@wingtiptoys.com"
2077,"Mina Omidzadeh","Mina",False,False,"(262) 555-0100","mina@wingtiptoys.com"
2078,"Adrian Bengtsson","Adrian",False,False,"(262) 555-0100","adrian@wingtiptoys.com"
2079,"Kadir Usenuly","Kadir",False,False,"(405) 555-0100","kadir@wingtiptoys.com"
2080,"Rajiv Shasthri","Rajiv",False,False,"(405) 555-0100","rajiv@wingtiptoys.com"
2081,"Kajsa Jakobsson","Kajsa",False,False,"(319) 555-0100","kajsa@wingtiptoys.com"
2082,"Elnaz Rahimi","Elnaz",False,False,"(319) 555-0100","elnaz@wingtiptoys.com"
2083,"Rahul Ghate","Rahul",False,False,"(215) 555-0100","rahul@wingtiptoys.com"
2084,"Chuan Wongsawat","Chuan",False,False,"(215) 555-0100","chuan@wingtiptoys.com"
2085,"Lien Banh","Lien",False,False,"(231) 555-0100","lien@wingtiptoys.com"
2086,"Anshula Mitra","Anshula",False,False,"(231) 555-0100","anshula@wingtiptoys.com"
2087,"Divyendu Chakraborty","Divyendu",False,False,"(605) 555-0100","divyendu@wingtiptoys.com"
2088,"Rita Kauppi","Rita",False,False,"(605) 555-0100","rita@wingtiptoys.com"
2089,"An Dung Ngo","An Dung",False,False,"(303) 555-0100","an dung@wingtiptoys.com"
2090,"Pranav Yadav","Pranav",False,False,"(303) 555-0100","pranav@wingtiptoys.com"
2091,"Chetana Kamath","Chetana",False,False,"(225) 555-0100","chetana@wingtiptoys.com"
2092,"Isabelina Flores","Isabelina",False,False,"(225) 555-0100","isabelina@wingtiptoys.com"
2093,"Premwadee Saowaluk","Premwadee",False,False,"(319) 555-0100","premwadee@wingtiptoys.com"
2094,"Adam Balaz","Adam",False,False,"(319) 555-0100","adam@wingtiptoys.com"
2095,"Jae-Hwa Min","Jae-Hwa",False,False,"(702) 555-0100","jae-hwa@wingtiptoys.com"
2096,"Rafael Pena","Rafael",False,False,"(702) 555-0100","rafael@wingtiptoys.com"
2097,"Catalina Nechita","Catalina",False,False,"(304) 555-0100","catalina@wingtiptoys.com"
2098,"Robert Cosic","Robert",False,False,"(304) 555-0100","robert@wingtiptoys.com"
2099,"Constanza Laureano","Constanza",False,False,"(219) 555-0100","constanza@wingtiptoys.com"
2100,"Sunil Nakhtare","Sunil",False,False,"(219) 555-0100","sunil@wingtiptoys.com"
2101,"Aakriti Bhamidipati","Aakriti",False,False,"(307) 555-0100","aakriti@wingtiptoys.com"
2102,"Sakchai Supitayaporn","Sakchai",False,False,"(307) 555-0100","sakchai@wingtiptoys.com"
2103,"Himadri PrabhupÄda","Himadri",False,False,"(209) 555-0100","himadri@wingtiptoys.com"
2104,"Lukas Kohout","Lukas",False,False,"(209) 555-0100","lukas@wingtiptoys.com"
2105,"Bryan Helms","Bryan",False,False,"(276) 555-0100","bryan@wingtiptoys.com"
2106,"Julianna Makay","Julianna",False,False,"(276) 555-0100","julianna@wingtiptoys.com"
2107,"Harri Kask","Harri",False,False,"(787) 555-0100","harri@wingtiptoys.com"
2108,"Rakhshinda Mansouri","Rakhshinda",False,False,"(787) 555-0100","rakhshinda@wingtiptoys.com"
2109,"Ilse Sandell","Ilse",False,False,"(209) 555-0100","ilse@wingtiptoys.com"
2110,"Tibor Harsanyi","Tibor",False,False,"(209) 555-0100","tibor@wingtiptoys.com"
2111,"Subhash Matondkar","Subhash",False,False,"(212) 555-0100","subhash@wingtiptoys.com"
2112,"Gurudas De","Gurudas",False,False,"(212) 555-0100","gurudas@wingtiptoys.com"
2113,"Eesvaraavu Ankitham","Eesvaraavu",False,False,"(505) 555-0100","eesvaraavu@wingtiptoys.com"
2114,"Angelina Karlsson","Angelina",False,False,"(505) 555-0100","angelina@wingtiptoys.com"
2115,"Miguel Paez","Miguel",False,False,"(205) 555-0100","miguel@wingtiptoys.com"
2116,"Anukul Dey","Anukul",False,False,"(205) 555-0100","anukul@wingtiptoys.com"
2117,"Tobias Gruber","Tobias",False,False,"(216) 555-0100","tobias@wingtiptoys.com"
2118,"Jitka Stastna","Jitka",False,False,"(216) 555-0100","jitka@wingtiptoys.com"
2119,"Daniela Dumina","Daniela",False,False,"(505) 555-0100","daniela@wingtiptoys.com"
2120,"Fahmidah Fallahi","Fahmidah",False,False,"(505) 555-0100","fahmidah@wingtiptoys.com"
2123,"Avanti Nishad","Avanti",False,False,"(505) 555-0100","avanti@wingtiptoys.com"
2124,"Gino Sal","Gino",False,False,"(505) 555-0100","gino@wingtiptoys.com"
2125,"Daedeepya Thota","Daedeepya",False,False,"(405) 555-0100","daedeepya@wingtiptoys.com"
2126,"Lekha Sen","Lekha",False,False,"(405) 555-0100","lekha@wingtiptoys.com"
2127,"Gabriela Chirila","Gabriela",False,False,"(701) 555-0100","gabriela@wingtiptoys.com"
2128,"Elina Bite","Elina",False,False,"(701) 555-0100","elina@wingtiptoys.com"
2129,"Nagur Atluri","Nagur",False,False,"(405) 555-0100","nagur@wingtiptoys.com"
2130,"Hanita Kamasamudram","Hanita",False,False,"(405) 555-0100","hanita@wingtiptoys.com"
2133,"Pongrit Srisati","Pongrit",False,False,"(215) 555-0100","pongrit@wingtiptoys.com"
2134,"Hanna Piip","Hanna",False,False,"(215) 555-0100","hanna@wingtiptoys.com"
2135,"Linda Green","Linda",False,False,"(218) 555-0100","linda@wingtiptoys.com"
2136,"Baalamurali Kommineni","Baalamurali",False,False,"(218) 555-0100","baalamurali@wingtiptoys.com"
2137,"Sarmis Skujins","Sarmis",False,False,"(270) 555-0100","sarmis@wingtiptoys.com"
2138,"Amporn Jetjirawat","Amporn",False,False,"(270) 555-0100","amporn@wingtiptoys.com"
2141,"Viktorie Stejskalova","Viktorie",False,False,"(209) 555-0100","viktorie@wingtiptoys.com"
2142,"Bishnu Bandopadhyay","Bishnu",False,False,"(209) 555-0100","bishnu@wingtiptoys.com"
2143,"Slavko Pavlovic","Slavko",False,False,"(209) 555-0100","slavko@wingtiptoys.com"
2144,"Malorie Dupuy","Malorie",False,False,"(209) 555-0100","malorie@wingtiptoys.com"
2145,"Doru Munteanu","Doru",False,False,"(209) 555-0100","doru@wingtiptoys.com"
2146,"Ankita Mittal","Ankita",False,False,"(209) 555-0100","ankita@wingtiptoys.com"
2147,"Aile Aasmae","Aile",False,False,"(239) 555-0100","aile@wingtiptoys.com"
2148,"Ezgi Kaya","Ezgi",False,False,"(239) 555-0100","ezgi@wingtiptoys.com"
2149,"Ava Edden","Ava",False,False,"(479) 555-0100","ava@wingtiptoys.com"
2150,"Adirake Narkbunnum","Adirake",False,False,"(479) 555-0100","adirake@wingtiptoys.com"
2151,"Manali Bose","Manali",False,False,"(215) 555-0100","manali@wingtiptoys.com"
2152,"Ji-min Jun","Ji-min",False,False,"(215) 555-0100","ji-min@wingtiptoys.com"
2153,"Astrid Poisson","Astrid",False,False,"(228) 555-0100","astrid@wingtiptoys.com"
2154,"Timotej stakne","Timotej",False,False,"(228) 555-0100","timotej@wingtiptoys.com"
2155,"Gi-Suk Heo","Gi-Suk",False,False,"(215) 555-0100","gi-suk@wingtiptoys.com"
2156,"Roman Tomek","Roman",False,False,"(215) 555-0100","roman@wingtiptoys.com"
2157,"Irma Kruze","Irma",False,False,"(219) 555-0100","irma@wingtiptoys.com"
2158,"VÄ›ra Stejskalova","VÄ›ra",False,False,"(219) 555-0100","vä›ra@wingtiptoys.com"
2159,"Dhaeraemdranaadh Pamulaparthi","Dhaeraemdranaadh",False,False,"(458) 555-0100","dhaeraemdranaadh@wingtiptoys.com"
2160,"Victoria Brezeanu","Victoria",False,False,"(458) 555-0100","victoria@wingtiptoys.com"
2161,"Agrita Kalnina","Agrita",False,False,"(314) 555-0100","agrita@wingtiptoys.com"
2162,"Burak ozden","Burak",False,False,"(314) 555-0100","burak@wingtiptoys.com"
2163,"Ravindra Sandhu","Ravindra",False,False,"(212) 555-0100","ravindra@wingtiptoys.com"
2164,"Iulia Nechita","Iulia",False,False,"(212) 555-0100","iulia@wingtiptoys.com"
2165,"Klara Rakus","Klara",False,False,"(803) 555-0100","klara@wingtiptoys.com"
2166,"Razeena Rezaei","Razeena",False,False,"(803) 555-0100","razeena@wingtiptoys.com"
2167,"Am Lo","Am",False,False,"(803) 555-0100","am@wingtiptoys.com"
2168,"Edmee Schol","Edmee",False,False,"(803) 555-0100","edmee@wingtiptoys.com"
2169,"Sophie Van Lier","Sophie",False,False,"(316) 555-0100","sophie@wingtiptoys.com"
2170,"Shiva Nair","Shiva",False,False,"(316) 555-0100","shiva@wingtiptoys.com"
2171,"Dimitry Profis","Dimitry",False,False,"(216) 555-0100","dimitry@wingtiptoys.com"
2172,"Manindra Desai","Manindra",False,False,"(216) 555-0100","manindra@wingtiptoys.com"
2173,"Jan Zeman","Jan",False,False,"(215) 555-0100","jan@wingtiptoys.com"
2174,"Jukka-Pekk Saarijarvi","Jukka-Pekk",False,False,"(215) 555-0100","jukka-pekk@wingtiptoys.com"
2175,"Ranjit Dikshit","Ranjit",False,False,"(787) 555-0100","ranjit@wingtiptoys.com"
2176,"Marek Blaho","Marek",False,False,"(787) 555-0100","marek@wingtiptoys.com"
2177,"Varuna Ganguly","Varuna",False,False,"(262) 555-0100","varuna@wingtiptoys.com"
2178,"Natalia Pokorna","Natalia",False,False,"(262) 555-0100","natalia@wingtiptoys.com"
2179,"Basak Tekin","Basak",False,False,"(207) 555-0100","basak@wingtiptoys.com"
2180,"Nicole Martinez","Nicole",False,False,"(207) 555-0100","nicole@wingtiptoys.com"
2181,"Doru Tirlea","Doru",False,False,"(217) 555-0100","doru@wingtiptoys.com"
2182,"Hema Jujjavarapu","Hema",False,False,"(217) 555-0100","hema@wingtiptoys.com"
2183,"Jessica Perrine","Jessica",False,False,"(217) 555-0100","jessica@wingtiptoys.com"
2184,"Mukta Sarkar","Mukta",False,False,"(217) 555-0100","mukta@wingtiptoys.com"
2185,"Yavuz Cetinkaya","Yavuz",False,False,"(240) 555-0100","yavuz@wingtiptoys.com"
2186,"Jaydeb Ganguly","Jaydeb",False,False,"(240) 555-0100","jaydeb@wingtiptoys.com"
2187,"Sirirat Kongpaisarn","Sirirat",False,False,"(303) 555-0100","sirirat@wingtiptoys.com"
2188,"Himani Sanyal","Himani",False,False,"(303) 555-0100","himani@wingtiptoys.com"
2189,"Claude Bonsaint","Claude",False,False,"(215) 555-0100","claude@wingtiptoys.com"
2190,"Gopal Thakur","Gopal",False,False,"(215) 555-0100","gopal@wingtiptoys.com"
2191,"Roman Pajer","Roman",False,False,"(209) 555-0100","roman@wingtiptoys.com"
2192,"Floris Veenhuizen","Floris",False,False,"(209) 555-0100","floris@wingtiptoys.com"
2193,"Vitezslav Holy","Vitezslav",False,False,"(803) 555-0100","vitezslav@wingtiptoys.com"
2194,"Paul Valbe","Paul",False,False,"(803) 555-0100","paul@wingtiptoys.com"
2195,"Devi Dewangan","Devi",False,False,"(216) 555-0100","devi@wingtiptoys.com"
2196,"William Bordelon","William",False,False,"(216) 555-0100","william@wingtiptoys.com"
2197,"Masa Buecek","Masa",False,False,"(216) 555-0100","masa@wingtiptoys.com"
2198,"Nguyet Trang","Nguyet",False,False,"(216) 555-0100","nguyet@wingtiptoys.com"
2199,"Bipin Modi","Bipin",False,False,"(423) 555-0100","bipin@wingtiptoys.com"
2200,"Dattaatraeya Vangapandu","Dattaatraeya",False,False,"(423) 555-0100","dattaatraeya@wingtiptoys.com"
2201,"Rahul Sarma","Rahul",False,False,"(802) 555-0100","rahul@wingtiptoys.com"
2202,"Deeba Hemmati","Deeba",False,False,"(802) 555-0100","deeba@wingtiptoys.com"
2203,"Alejandro Escobar","Alejandro",False,False,"(218) 555-0100","alejandro@wingtiptoys.com"
2204,"Milada Hadrabova","Milada",False,False,"(218) 555-0100","milada@wingtiptoys.com"
2205,"Andris Vitols","Andris",False,False,"(252) 555-0100","andris@wingtiptoys.com"
2206,"Lana Larsson","Lana",False,False,"(252) 555-0100","lana@wingtiptoys.com"
2207,"Mariela Weitzer","Mariela",False,False,"(207) 555-0100","mariela@wingtiptoys.com"
2208,"David Lanctot","David",False,False,"(207) 555-0100","david@wingtiptoys.com"
2209,"Alain Pelland","Alain",False,False,"(303) 555-0100","alain@wingtiptoys.com"
2210,"Ik-Soo Jo","Ik-Soo",False,False,"(303) 555-0100","ik-soo@wingtiptoys.com"
2211,"Milica Stojkovic","Milica",False,False,"(201) 555-0100","milica@wingtiptoys.com"
2212,"Teemu Yli-Sirnio","Teemu",False,False,"(201) 555-0100","teemu@wingtiptoys.com"
2213,"Natalie Horackova","Natalie",False,False,"(215) 555-0100","natalie@wingtiptoys.com"
2214,"Francesca Greece","Francesca",False,False,"(215) 555-0100","francesca@wingtiptoys.com"
2215,"Baalaaditya Rallapalli","Baalaaditya",False,False,"(314) 555-0100","baalaaditya@wingtiptoys.com"
2216,"Antonin Holy","Antonin",False,False,"(314) 555-0100","antonin@wingtiptoys.com"
2217,"Matej Formanek","Matej",False,False,"(303) 555-0100","matej@wingtiptoys.com"
2218,"Mary Eder","Mary",False,False,"(303) 555-0100","mary@wingtiptoys.com"
2219,"Manish Ghosh","Manish",False,False,"(219) 555-0100","manish@wingtiptoys.com"
2220,"Anish Naidu","Anish",False,False,"(219) 555-0100","anish@wingtiptoys.com"
2221,"Pracha Nantakarn","Pracha",False,False,"(231) 555-0100","pracha@wingtiptoys.com"
2222,"Malee Charoenkul","Malee",False,False,"(231) 555-0100","malee@wingtiptoys.com"
2223,"Charline Flamand","Charline",False,False,"(605) 555-0100","charline@wingtiptoys.com"
2224,"Dhavala Alladi","Dhavala",False,False,"(605) 555-0100","dhavala@wingtiptoys.com"
2225,"Teodor Vlad","Teodor",False,False,"(219) 555-0100","teodor@wingtiptoys.com"
2226,"Peeter Keskula","Peeter",False,False,"(219) 555-0100","peeter@wingtiptoys.com"
2227,"Anda Liepa","Anda",False,False,"(603) 555-0100","anda@wingtiptoys.com"
2228,"Deakshitulu Paruchuri","Deakshitulu",False,False,"(603) 555-0100","deakshitulu@wingtiptoys.com"
2231,"Adriana Horackova","Adriana",False,False,"(252) 555-0100","adriana@wingtiptoys.com"
2232,"Suniti Bhat","Suniti",False,False,"(252) 555-0100","suniti@wingtiptoys.com"
2233,"Miika Putkonen","Miika",False,False,"(314) 555-0100","miika@wingtiptoys.com"
2234,"Jose Williams","Jose",False,False,"(314) 555-0100","jose@wingtiptoys.com"
2235,"Padma Iyer","Padma",False,False,"(505) 555-0100","padma@wingtiptoys.com"
2236,"Cai Cao","Cai",False,False,"(505) 555-0100","cai@wingtiptoys.com"
2237,"Åšani Sen","Åšani",False,False,"(405) 555-0100","åšani@wingtiptoys.com"
2238,"Ngu Hoa","Ngu",False,False,"(405) 555-0100","ngu@wingtiptoys.com"
2239,"Helene Dupuy","Helene",False,False,"(270) 555-0100","helene@wingtiptoys.com"
2240,"Antonio Trentini","Antonio",False,False,"(270) 555-0100","antonio@wingtiptoys.com"
2241,"omer ozbek","omer",False,False,"(205) 555-0100","omer@wingtiptoys.com"
2242,"Andrei Bratianu","Andrei",False,False,"(205) 555-0100","andrei@wingtiptoys.com"
2243,"Akshayakeerti Jandhyala","Akshayakeerti",False,False,"(240) 555-0100","akshayakeerti@wingtiptoys.com"
2244,"Tereza Stolinova","Tereza",False,False,"(240) 555-0100","tereza@wingtiptoys.com"
2245,"Ankolika Sen","Ankolika",False,False,"(304) 555-0100","ankolika@wingtiptoys.com"
2246,"Kristophe  Couet","Kristophe",False,False,"(304) 555-0100","kristophe @wingtiptoys.com"
2247,"Baalaamani Veturi","Baalaamani",False,False,"(218) 555-0100","baalaamani@wingtiptoys.com"
2248,"Gustav Korjus","Gustav",False,False,"(218) 555-0100","gustav@wingtiptoys.com"
2249,"Julia Konecna","Julia",False,False,"(314) 555-0100","julia@wingtiptoys.com"
2250,"Birgit Saar","Birgit",False,False,"(314) 555-0100","birgit@wingtiptoys.com"
2251,"Madelaine  Paulet","Madelaine",False,False,"(212) 555-0100","madelaine @wingtiptoys.com"
2252,"Arundhati Bhowmick","Arundhati",False,False,"(212) 555-0100","arundhati@wingtiptoys.com"
2253,"Mario Jogi","Mario",False,False,"(212) 555-0100","mario@wingtiptoys.com"
2254,"Martina Omelkova","Martina",False,False,"(212) 555-0100","martina@wingtiptoys.com"
2255,"Kaya ozbek","Kaya",False,False,"(276) 555-0100","kaya@wingtiptoys.com"
2256,"Lan Klanjcar","Lan",False,False,"(276) 555-0100","lan@wingtiptoys.com"
2257,"Seo-yeon Rim","Seo-yeon",False,False,"(229) 555-0100","seo-yeon@wingtiptoys.com"
2258,"Giovanna Araujo","Giovanna",False,False,"(229) 555-0100","giovanna@wingtiptoys.com"
2261,"Javier Caraballo","Javier",False,False,"(231) 555-0100","javier@wingtiptoys.com"
2262,"Coralie Brasseur","Coralie",False,False,"(231) 555-0100","coralie@wingtiptoys.com"
2263,"Akhtar Shahrestaani","Akhtar",False,False,"(229) 555-0100","akhtar@wingtiptoys.com"
2264,"Priya Joshi","Priya",False,False,"(229) 555-0100","priya@wingtiptoys.com"
2265,"Vanita Bhowmick","Vanita",False,False,"(405) 555-0100","vanita@wingtiptoys.com"
2266,"Bruna Cavalcante","Bruna",False,False,"(405) 555-0100","bruna@wingtiptoys.com"
2267,"Nishant Menon","Nishant",False,False,"(225) 555-0100","nishant@wingtiptoys.com"
2268,"Ratnam Singh","Ratnam",False,False,"(225) 555-0100","ratnam@wingtiptoys.com"
2269,"Josef Benda","Josef",False,False,"(304) 555-0100","josef@wingtiptoys.com"
2270,"Trishna Benipal","Trishna",False,False,"(304) 555-0100","trishna@wingtiptoys.com"
2271,"Teresa Bender","Teresa",False,False,"(605) 555-0100","teresa@wingtiptoys.com"
2272,"Diego Buccho","Diego",False,False,"(605) 555-0100","diego@wingtiptoys.com"
2273,"Deepesh Bose","Deepesh",False,False,"(907) 555-0100","deepesh@wingtiptoys.com"
2274,"Ambareesh Madhunapantula","Ambareesh",False,False,"(907) 555-0100","ambareesh@wingtiptoys.com"
2275,"Madhavi Gupta","Madhavi",False,False,"(228) 555-0100","madhavi@wingtiptoys.com"
2276,"Indu Chowdary","Indu",False,False,"(228) 555-0100","indu@wingtiptoys.com"
2277,"Bich Banh","Bich",False,False,"(215) 555-0100","bich@wingtiptoys.com"
2278,"Lennart Kask","Lennart",False,False,"(215) 555-0100","lennart@wingtiptoys.com"
2279,"Åšani Nair","Åšani",False,False,"(207) 555-0100","åšani@wingtiptoys.com"
2280,"Cuc Tu","Cuc",False,False,"(207) 555-0100","cuc@wingtiptoys.com"
2281,"Angelina Gormanston","Angelina",False,False,"(201) 555-0100","angelina@wingtiptoys.com"
2282,"Prasanna Shetty","Prasanna",False,False,"(201) 555-0100","prasanna@wingtiptoys.com"
2283,"Prasert Supitayaporn","Prasert",False,False,"(219) 555-0100","prasert@wingtiptoys.com"
2284,"Gulzar Parkar","Gulzar",False,False,"(219) 555-0100","gulzar@wingtiptoys.com"
2285,"Abhaya Rambhatla","Abhaya",False,False,"(231) 555-0100","abhaya@wingtiptoys.com"
2286,"Naveed Alizadeh","Naveed",False,False,"(231) 555-0100","naveed@wingtiptoys.com"
2287,"Lalit Ogra","Lalit",False,False,"(205) 555-0100","lalit@wingtiptoys.com"
2288,"Badanika Vankayala","Badanika",False,False,"(205) 555-0100","badanika@wingtiptoys.com"
2289,"Mina Bagheri","Mina",False,False,"(319) 555-0100","mina@wingtiptoys.com"
2290,"Lien Lo","Lien",False,False,"(319) 555-0100","lien@wingtiptoys.com"
2291,"Debraj Sanyal","Debraj",False,False,"(239) 555-0100","debraj@wingtiptoys.com"
2292,"Tara KlanCisar","Tara",False,False,"(239) 555-0100","tara@wingtiptoys.com"
2293,"Marco Costa","Marco",False,False,"(701) 555-0100","marco@wingtiptoys.com"
2294,"Alessandra Gallo","Alessandra",False,False,"(701) 555-0100","alessandra@wingtiptoys.com"
2295,"Crina Nechita","Crina",False,False,"(217) 555-0100","crina@wingtiptoys.com"
2296,"Yi Min Zhong","Yi Min",False,False,"(217) 555-0100","yi min@wingtiptoys.com"
2297,"Zala Ibrahimagic","Zala",False,False,"(212) 555-0100","zala@wingtiptoys.com"
2298,"Wander Ellenbroek","Wander",False,False,"(212) 555-0100","wander@wingtiptoys.com"
2299,"Gundega Kundzina","Gundega",False,False,"(479) 555-0100","gundega@wingtiptoys.com"
2300,"Damyanti Byrraju","Damyanti",False,False,"(479) 555-0100","damyanti@wingtiptoys.com"
2301,"Parveen Haldar","Parveen",False,False,"(219) 555-0100","parveen@wingtiptoys.com"
2302,"Chau Chu","Chau",False,False,"(219) 555-0100","chau@wingtiptoys.com"
2303,"Noel Cartier","Noel",False,False,"(215) 555-0100","noel@wingtiptoys.com"
2304,"Aet Kasesalu","Aet",False,False,"(215) 555-0100","aet@wingtiptoys.com"
2307,"Ondrej Tomek","Ondrej",False,False,"(219) 555-0100","ondrej@wingtiptoys.com"
2308,"Ngon Ta","Ngon",False,False,"(219) 555-0100","ngon@wingtiptoys.com"
2309,"Mohini Kaul","Mohini",False,False,"(240) 555-0100","mohini@wingtiptoys.com"
2310,"Alejandro Baeza","Alejandro",False,False,"(240) 555-0100","alejandro@wingtiptoys.com"
2313,"Mary Barney","Mary",False,False,"(505) 555-0100","mary@wingtiptoys.com"
2314,"Amit Ghatak","Amit",False,False,"(505) 555-0100","amit@wingtiptoys.com"
2315,"Dhaeraemdranaadh Allu","Dhaeraemdranaadh",False,False,"(216) 555-0100","dhaeraemdranaadh@wingtiptoys.com"
2316,"Abel Pirvu","Abel",False,False,"(216) 555-0100","abel@wingtiptoys.com"
2319,"Flora Olofsson","Flora",False,False,"(787) 555-0100","flora@wingtiptoys.com"
2320,"Vitezslav Drdla","Vitezslav",False,False,"(787) 555-0100","vitezslav@wingtiptoys.com"
2321,"Nguyet Bach","Nguyet",False,False,"(205) 555-0100","nguyet@wingtiptoys.com"
2322,"Ratnam Sidhu","Ratnam",False,False,"(205) 555-0100","ratnam@wingtiptoys.com"
2323,"Jyoti Karnik","Jyoti",False,False,"(803) 555-0100","jyoti@wingtiptoys.com"
2324,"Dattu Gummadi","Dattu",False,False,"(803) 555-0100","dattu@wingtiptoys.com"
2325,"Samuel Almaraz","Samuel",False,False,"(458) 555-0100","samuel@wingtiptoys.com"
2326,"Filip Bunderla","Filip",False,False,"(458) 555-0100","filip@wingtiptoys.com"
2327,"Zuzana Kuchtova","Zuzana",False,False,"(262) 555-0100","zuzana@wingtiptoys.com"
2328,"Elias Niemi","Elias",False,False,"(262) 555-0100","elias@wingtiptoys.com"
2329,"Mark Ruutel","Mark",False,False,"(307) 555-0100","mark@wingtiptoys.com"
2330,"Carla Osorio","Carla",False,False,"(307) 555-0100","carla@wingtiptoys.com"
2331,"Corneliu Vladu","Corneliu",False,False,"(480) 555-0100","corneliu@wingtiptoys.com"
2332,"Ivo Valek","Ivo",False,False,"(480) 555-0100","ivo@wingtiptoys.com"
2333,"Severins Polis","Severins",False,False,"(216) 555-0100","severins@wingtiptoys.com"
2334,"Chandran Bhattacharya","Chandran",False,False,"(216) 555-0100","chandran@wingtiptoys.com"
2337,"Halit Gunes","Halit",False,False,"(239) 555-0100","halit@wingtiptoys.com"
2338,"Indu Nambiar","Indu",False,False,"(239) 555-0100","indu@wingtiptoys.com"
2339,"Vallo Vesik","Vallo",False,False,"(205) 555-0100","vallo@wingtiptoys.com"
2340,"Dayaram Raut","Dayaram",False,False,"(205) 555-0100","dayaram@wingtiptoys.com"
2341,"Dana Mrazova","Dana",False,False,"(802) 555-0100","dana@wingtiptoys.com"
2342,"Saraswati Beniwal","Saraswati",False,False,"(802) 555-0100","saraswati@wingtiptoys.com"
2343,"Ema Slosar","Ema",False,False,"(215) 555-0100","ema@wingtiptoys.com"
2344,"Arto Heikkinen","Arto",False,False,"(215) 555-0100","arto@wingtiptoys.com"
2345,"Hemchandra Debnath","Hemchandra",False,False,"(209) 555-0100","hemchandra@wingtiptoys.com"
2346,"Bala Ogra","Bala",False,False,"(209) 555-0100","bala@wingtiptoys.com"
2347,"Monika Valentova","Monika",False,False,"(458) 555-0100","monika@wingtiptoys.com"
2348,"Anuj Sonkar","Anuj",False,False,"(458) 555-0100","anuj@wingtiptoys.com"
2349,"Dattaatraeya Tottempudi","Dattaatraeya",False,False,"(212) 555-0100","dattaatraeya@wingtiptoys.com"
2350,"Emilia Samaniego","Emilia",False,False,"(212) 555-0100","emilia@wingtiptoys.com"
2351,"Kahkushan Shakiba","Kahkushan",False,False,"(217) 555-0100","kahkushan@wingtiptoys.com"
2352,"Hathai Mookjai","Hathai",False,False,"(217) 555-0100","hathai@wingtiptoys.com"
2353,"Taner YÄ±lmaz","Taner",False,False,"(212) 555-0100","taner@wingtiptoys.com"
2354,"Birol Arslan","Birol",False,False,"(212) 555-0100","birol@wingtiptoys.com"
2355,"Abhra Thakur","Abhra",False,False,"(215) 555-0100","abhra@wingtiptoys.com"
2356,"Uma Khalsa","Uma",False,False,"(215) 555-0100","uma@wingtiptoys.com"
2357,"Dunja Radoncis","Dunja",False,False,"(215) 555-0100","dunja@wingtiptoys.com"
2358,"Olya Seleznyov","Olya",False,False,"(215) 555-0100","olya@wingtiptoys.com"
2359,"Darakhshan Javaherian","Darakhshan",False,False,"(215) 555-0100","darakhshan@wingtiptoys.com"
2360,"Alexandre  L'Angelier","Alexandre",False,False,"(215) 555-0100","alexandre @wingtiptoys.com"
2361,"Youssef Eriksson","Youssef",False,False,"(701) 555-0100","youssef@wingtiptoys.com"
2362,"Arunima Ganguly","Arunima",False,False,"(701) 555-0100","arunima@wingtiptoys.com"
2363,"Pavel Bohuslav","Pavel",False,False,"(505) 555-0100","pavel@wingtiptoys.com"
2364,"Mahendra Trivedi","Mahendra",False,False,"(505) 555-0100","mahendra@wingtiptoys.com"
2365,"Jiri Vacha","Jiri",False,False,"(209) 555-0100","jiri@wingtiptoys.com"
2366,"Constanta Dita","Constanta",False,False,"(209) 555-0100","constanta@wingtiptoys.com"
2367,"Magdalena Cervenkova","Magdalena",False,False,"(405) 555-0100","magdalena@wingtiptoys.com"
2368,"Sylvie Panetier","Sylvie",False,False,"(405) 555-0100","sylvie@wingtiptoys.com"
2369,"Asha Mudigonda","Asha",False,False,"(201) 555-0100","asha@wingtiptoys.com"
2370,"Jaya Benjaree","Jaya",False,False,"(201) 555-0100","jaya@wingtiptoys.com"
2371,"Anete Kundzina","Anete",False,False,"(239) 555-0100","anete@wingtiptoys.com"
2372,"Petr Drdla","Petr",False,False,"(239) 555-0100","petr@wingtiptoys.com"
2377,"Deviprasad PrabhupÄda","Deviprasad",False,False,"(605) 555-0100","deviprasad@wingtiptoys.com"
2378,"Tess Seegers","Tess",False,False,"(605) 555-0100","tess@wingtiptoys.com"
2379,"Aija Lukstina","Aija",False,False,"(252) 555-0100","aija@wingtiptoys.com"
2380,"Sanjay Cheema","Sanjay",False,False,"(252) 555-0100","sanjay@wingtiptoys.com"
2381,"Hoc Le","Hoc",False,False,"(208) 555-0100","hoc@wingtiptoys.com"
2382,"Blagoje Pavlovic","Blagoje",False,False,"(208) 555-0100","blagoje@wingtiptoys.com"
2383,"Bhairaam Kidambi","Bhairaam",False,False,"(319) 555-0100","bhairaam@wingtiptoys.com"
2384,"Aleksandrs Cirulis","Aleksandrs",False,False,"(319) 555-0100","aleksandrs@wingtiptoys.com"
2385,"Jae-Hwa Shin","Jae-Hwa",False,False,"(505) 555-0100","jae-hwa@wingtiptoys.com"
2386,"Mala Naicker","Mala",False,False,"(505) 555-0100","mala@wingtiptoys.com"
2389,"Baanuraekha Voleti","Baanuraekha",False,False,"(276) 555-0100","baanuraekha@wingtiptoys.com"
2390,"Renata Alva","Renata",False,False,"(276) 555-0100","renata@wingtiptoys.com"
2391,"Ranjeet Haldar","Ranjeet",False,False,"(203) 555-0100","ranjeet@wingtiptoys.com"
2392,"Mandeep Desai","Mandeep",False,False,"(203) 555-0100","mandeep@wingtiptoys.com"
2393,"Bhaamini Kanaparthi","Bhaamini",False,False,"(907) 555-0100","bhaamini@wingtiptoys.com"
2394,"Sun-Hi Oh","Sun-Hi",False,False,"(907) 555-0100","sun-hi@wingtiptoys.com"
2395,"Margit Molnar","Margit",False,False,"(808) 555-0100","margit@wingtiptoys.com"
2396,"Amanda Kaulina","Amanda",False,False,"(808) 555-0100","amanda@wingtiptoys.com"
2399,"Ljubomir Nesic","Ljubomir",False,False,"(231) 555-0100","ljubomir@wingtiptoys.com"
2400,"Izan Arana","Izan",False,False,"(231) 555-0100","izan@wingtiptoys.com"
2401,"Telma Hermansson","Telma",False,False,"(240) 555-0100","telma@wingtiptoys.com"
2402,"Lubomir Spousta","Lubomir",False,False,"(240) 555-0100","lubomir@wingtiptoys.com"
3001,"Eric Torres","Eric",False,False,"(307) 555-0100","eric@example.com"
3002,"Cosmina Vlad","Cosmina",False,False,"(505) 555-0100","cosmina@example.com"
3003,"Bala Dixit","Bala",False,False,"(209) 555-0100","bala@example.com"
3004,"Aleksandrs Riekstins","Aleksandrs",False,False,"(605) 555-0100","aleksandrs@example.com"
3005,"Ratan Poddar","Ratan",False,False,"(907) 555-0100","ratan@example.com"
3006,"Shi Tu","Shi",False,False,"(307) 555-0100","shi@example.com"
3007,"Gunnar Lohmus","Gunnar",False,False,"(201) 555-0100","gunnar@example.com"
3008,"Jackson Kolios","Jackson",False,False,"(209) 555-0100","jackson@example.com"
3009,"Madhu Dwivedi","Madhu",False,False,"(802) 555-0100","madhu@example.com"
3010,"Alena Kellnerova","Alena",False,False,"(303) 555-0100","alena@example.com"
3012,"Celica Barajas","Celica",False,False,"(270) 555-0100","celica@example.com"
3013,"Shyam Poddar","Shyam",False,False,"(218) 555-0100","shyam@example.com"
3015,"Libuse Valentova","Libuse",False,False,"(270) 555-0100","libuse@example.com"
3016,"Harsha Huq","Harsha",False,False,"(314) 555-0100","harsha@example.com"
3017,"Agrita Kanepa","Agrita",False,False,"(201) 555-0100","agrita@example.com"
3018,"Liia Orav","Liia",False,False,"(252) 555-0100","liia@example.com"
3019,"Santiago Vera","Santiago",False,False,"(304) 555-0100","santiago@example.com"
3020,"Knut Svensson","Knut",False,False,"(201) 555-0100","knut@example.com"
3021,"Kwanjai Saowaluk","Kwanjai",False,False,"(787) 555-0100","kwanjai@example.com"
3022,"Suparna Bhattacharya","Suparna",False,False,"(314) 555-0100","suparna@example.com"
3023,"Francisca Laureano","Francisca",False,False,"(319) 555-0100","francisca@example.com"
3024,"Risto Valbe","Risto",False,False,"(205) 555-0100","risto@example.com"
3025,"Jayanta Thakur","Jayanta",False,False,"(276) 555-0100","jayanta@example.com"
3026,"Leila Carvalho","Leila",False,False,"(217) 555-0100","leila@example.com"
3027,"Crina Grasu","Crina",False,False,"(308) 555-0100","crina@example.com"
3028,"Sercan Celik","Sercan",False,False,"(217) 555-0100","sercan@example.com"
3029,"Jack Walker","Jack",False,False,"(316) 555-0100","jack@example.com"
3030,"Jana Fialova","Jana",False,False,"(215) 555-0100","jana@example.com"
3031,"Bhaavan Rai","Bhaavan",False,False,"(308) 555-0100","bhaavan@example.com"
3032,"Aakriti Byrraju","Aakriti",False,False,"(216) 555-0100","aakriti@example.com"
3033,"Devraj Rao","Devraj",False,False,"(385) 555-0100","devraj@example.com"
3034,"Cong Hoa","Cong",False,False,"(212) 555-0100","cong@example.com"
3035,"Dominic Davignon","Dominic",False,False,"(209) 555-0100","dominic@example.com"
3036,"Abel Spirlea","Abel",False,False,"(218) 555-0100","abel@example.com"
3037,"Anil Sarkar","Anil",False,False,"(215) 555-0100","anil@example.com"
3038,"Pavel Bogdanov","Pavel",False,False,"(339) 555-0100","pavel@example.com"
3039,"Juan Morse","Juan",False,False,"(423) 555-0100","juan@example.com"
3040,"Rodrigo Figueiredo","Rodrigo",False,False,"(803) 555-0100","rodrigo@example.com"
3041,"Camille Authier","Camille",False,False,"(252) 555-0100","camille@example.com"
3042,"Biju Deb","Biju",False,False,"(218) 555-0100","biju@example.com"
3043,"Marija Justina Pasek","Marija Justina",False,False,"(215) 555-0100","marija justina@example.com"
3044,"Durdanah Abbasi","Durdanah",False,False,"(201) 555-0100","durdanah@example.com"
3045,"Emilie Hrdlickova","Emilie",False,False,"(803) 555-0100","emilie@example.com"
3046,"Malorie Bousquet","Malorie",False,False,"(209) 555-0100","malorie@example.com"
3047,"Kristiina Ivanov","Kristiina",False,False,"(605) 555-0100","kristiina@example.com"
3048,"Alvin Bollinger","Alvin",False,False,"(270) 555-0100","alvin@example.com"
3050,"Daakshaayaani Sankaramanchi","Daakshaayaani",False,False,"(319) 555-0100","daakshaayaani@example.com"
3051,"Ebru Erdogan","Ebru",False,False,"(405) 555-0100","ebru@example.com"
3052,"Bhagavaan Atluri","Bhagavaan",False,False,"(229) 555-0100","bhagavaan@example.com"
3053,"Caterina Pinto","Caterina",False,False,"(907) 555-0100","caterina@example.com"
3054,"Daakshaayaani Kommineni","Daakshaayaani",False,False,"(239) 555-0100","daakshaayaani@example.com"
3055,"Anna Mazzanti","Anna",False,False,"(314) 555-0100","anna@example.com"
3056,"Satish Mittal","Satish",False,False,"(215) 555-0100","satish@example.com"
3058,"Bimla PrabhupÄda","Bimla",False,False,"(209) 555-0100","bimla@example.com"
3059,"Shah Alizadeh","Shah",False,False,"(304) 555-0100","shah@example.com"
3060,"Marcela Lucescu","Marcela",False,False,"(231) 555-0100","marcela@example.com"
3061,"Amarasimha Vinjamuri","Amarasimha",False,False,"(339) 555-0100","amarasimha@example.com"
3062,"Lana Goransson","Lana",False,False,"(212) 555-0100","lana@example.com"
3063,"Jakub Lukes","Jakub",False,False,"(212) 555-0100","jakub@example.com"
3064,"Mikhail Degtyarev","Mikhail",False,False,"(218) 555-0100","mikhail@example.com"
3065,"Bijoya Thakur","Bijoya",False,False,"(225) 555-0100","bijoya@example.com"
3066,"Jay Bhuiyan","Jay",False,False,"(215) 555-0100","jay@example.com"
3067,"Jasna Cerkez","Jasna",False,False,"(304) 555-0100","jasna@example.com"
3068,"Laura Sykorova","Laura",False,False,"(316) 555-0100","laura@example.com"
3069,"Abel Tatarescu","Abel",False,False,"(217) 555-0100","abel@example.com"
3070,"In-Su Bae","In-Su",False,False,"(206) 555-0100","in-su@example.com"
3071,"Darshana Madhunapantula","Darshana",False,False,"(240) 555-0100","darshana@example.com"
3072,"Katerina Hadrabova","Katerina",False,False,"(219) 555-0100","katerina@example.com"
3073,"Hana Hlouskova","Hana",False,False,"(505) 555-0100","hana@example.com"
3074,"Daniel Martensson","Daniel",False,False,"(225) 555-0100","daniel@example.com"
3075,"Philip Walker","Philip",False,False,"(216) 555-0100","philip@example.com"
3077,"Leyla Siavashi","Leyla",False,False,"(201) 555-0100","leyla@example.com"
3078,"Miriam House","Miriam",False,False,"(701) 555-0100","miriam@example.com"
3079,"Jitka Necesana","Jitka",False,False,"(212) 555-0100","jitka@example.com"
3080,"Edmee Glissen","Edmee",False,False,"(208) 555-0100","edmee@example.com"
3081,"Magdalena Michnova","Magdalena",False,False,"(907) 555-0100","magdalena@example.com"
3082,"Maryann Huddleston","Maryann",False,False,"(304) 555-0100","maryann@example.com"
3083,"Radha Barua","Radha",False,False,"(405) 555-0100","radha@example.com"
3084,"Anindya Ghatak","Anindya",False,False,"(219) 555-0100","anindya@example.com"
3085,"Chandrashekhar Dasgupta","Chandrashekhar",False,False,"(208) 555-0100","chandrashekhar@example.com"
3086,"Debbie Molina","Debbie",False,False,"(270) 555-0100","debbie@example.com"
3087,"Baran Jonsson","Baran",False,False,"(458) 555-0100","baran@example.com"
3088,"Jai Lamble","Jai",False,False,"(479) 555-0100","jai@example.com"
3089,"Sointu Savonheimo","Sointu",False,False,"(701) 555-0100","sointu@example.com"
3091,"Taneli Riutta","Taneli",False,False,"(276) 555-0100","taneli@example.com"
3092,"Bahaar Asef zade","Bahaar",False,False,"(225) 555-0100","bahaar@example.com"
3093,"Leyla Asef zade","Leyla",False,False,"(216) 555-0100","leyla@example.com"
3094,"Gabriela Hernandes","Gabriela",False,False,"(239) 555-0100","gabriela@example.com"
3095,"Geza Roman","Geza",False,False,"(215) 555-0100","geza@example.com"
3096,"Leonardo Folliero","Leonardo",False,False,"(339) 555-0100","leonardo@example.com"
3097,"Allan Mannik","Allan",False,False,"(218) 555-0100","allan@example.com"
3098,"Gopalgobinda Sikdar","Gopalgobinda",False,False,"(307) 555-0100","gopalgobinda@example.com"
3099,"Chin-Sun Chang","Chin-Sun",False,False,"(605) 555-0100","chin-sun@example.com"
3100,"Lilli Sokk","Lilli",False,False,"(229) 555-0100","lilli@example.com"
3101,"Adrian Andreasson","Adrian",False,False,"(217) 555-0100","adrian@example.com"
3103,"Bing Han","Bing",False,False,"(228) 555-0100","bing@example.com"
3104,"Olafs Rozitis","Olafs",False,False,"(316) 555-0100","olafs@example.com"
3105,"Sara Huiting","Sara",False,False,"(218) 555-0100","sara@example.com"
3106,"Ajitaab Pakalapati","Ajitaab",False,False,"(209) 555-0100","ajitaab@example.com"
3107,"Eugen Agafitei","Eugen",False,False,"(252) 555-0100","eugen@example.com"
3108,"Sumati Bhat","Sumati",False,False,"(206) 555-0100","sumati@example.com"
3109,"Dena Glissen","Dena",False,False,"(316) 555-0100","dena@example.com"
3110,"Elina Kaleja","Elina",False,False,"(225) 555-0100","elina@example.com"
3111,"Liidia Lepp","Liidia",False,False,"(276) 555-0100","liidia@example.com"
3112,"Volkan senturk","Volkan",False,False,"(276) 555-0100","volkan@example.com"
3113,"Violetta KlanCisar","Violetta",False,False,"(225) 555-0100","violetta@example.com"
3114,"Chandana Shasthri","Chandana",False,False,"(803) 555-0100","chandana@example.com"
3116,"Pinja Jantunen","Pinja",False,False,"(308) 555-0100","pinja@example.com"
3117,"Pari Hosseini","Pari",False,False,"(505) 555-0100","pari@example.com"
3118,"Isidora Morales","Isidora",False,False,"(406) 555-0100","isidora@example.com"
3119,"Kertu Sokk","Kertu",False,False,"(212) 555-0100","kertu@example.com"
3120,"Gayatri Gajula","Gayatri",False,False,"(212) 555-0100","gayatri@example.com"
3121,"Victoria Lacusta","Victoria",False,False,"(212) 555-0100","victoria@example.com"
3122,"Sumati Chatterjee","Sumati",False,False,"(231) 555-0100","sumati@example.com"
3123,"Tai Bach","Tai",False,False,"(219) 555-0100","tai@example.com"
3124,"Eva Schulteisz","Eva",False,False,"(252) 555-0100","eva@example.com"
3125,"Can ozcan","Can",False,False,"(215) 555-0100","can@example.com"
3126,"Richard Friar","Richard",False,False,"(339) 555-0100","richard@example.com"
3127,"Matyas Sedlar","Matyas",False,False,"(270) 555-0100","matyas@example.com"
3128,"Arijit Bhuiyan","Arijit",False,False,"(212) 555-0100","arijit@example.com"
3129,"Vladimir Henzl","Vladimir",False,False,"(907) 555-0100","vladimir@example.com"
3130,"Shantanu Huq","Shantanu",False,False,"(252) 555-0100","shantanu@example.com"
3131,"Nada Jovanovic","Nada",False,False,"(215) 555-0100","nada@example.com"
3132,"Nicolo Cattaneo","Nicolo",False,False,"(212) 555-0100","nicolo@example.com"
3133,"Joel Carrillo","Joel",False,False,"(405) 555-0100","joel@example.com"
3134,"Ivan Sepulveda","Ivan",False,False,"(218) 555-0100","ivan@example.com"
3135,"Daevasree Samavedam","Daevasree",False,False,"(201) 555-0100","daevasree@example.com"
3136,"Ludmila Smidova","Ludmila",False,False,"(480) 555-0100","ludmila@example.com"
3137,"Manca Hrastovsek","Manca",False,False,"(205) 555-0100","manca@example.com"
3138,"Anna Gyarmathi","Anna",False,False,"(252) 555-0100","anna@example.com"
3139,"Ioana Florea","Ioana",False,False,"(339) 555-0100","ioana@example.com"
3141,"Bishwa Chatterjee","Bishwa",False,False,"(239) 555-0100","bishwa@example.com"
3142,"Chaayaadaevi Sonti","Chaayaadaevi",False,False,"(217) 555-0100","chaayaadaevi@example.com"
3143,"Drazenka Jelic","Drazenka",False,False,"(803) 555-0100","drazenka@example.com"
3144,"Ida Celma","Ida",False,False,"(319) 555-0100","ida@example.com"
3145,"Hoc Tran","Hoc",False,False,"(339) 555-0100","hoc@example.com"
3146,"David safranek","David",False,False,"(215) 555-0100","david@example.com"
3147,"Svetlana Todorovic","Svetlana",False,False,"(206) 555-0100","svetlana@example.com"
3148,"Richard Zahradnicek","Richard",False,False,"(314) 555-0100","richard@example.com"
3150,"Emily Whittle","Emily",False,False,"(231) 555-0100","emily@example.com"
3151,"Eliza Persson","Eliza",False,False,"(209) 555-0100","eliza@example.com"
3152,"Chuan Wattanasin","Chuan",False,False,"(217) 555-0100","chuan@example.com"
3153,"Linh Dao","Linh",False,False,"(228) 555-0100","linh@example.com"
3154,"Nasrin Omidzadeh","Nasrin",False,False,"(239) 555-0100","nasrin@example.com"
3155,"Raghu Sandhu","Raghu",False,False,"(240) 555-0100","raghu@example.com"
3156,"Nhung Thach","Nhung",False,False,"(480) 555-0100","nhung@example.com"
3157,"Hee-Young Suh","Hee-Young",False,False,"(209) 555-0100","hee-young@example.com"
3159,"Dhaatri Chavva","Dhaatri",False,False,"(207) 555-0100","dhaatri@example.com"
3160,"Edgar Jogi","Edgar",False,False,"(209) 555-0100","edgar@example.com"
3161,"Rani Ganguly","Rani",False,False,"(209) 555-0100","rani@example.com"
3162,"Bhagavati Vinjamuri","Bhagavati",False,False,"(319) 555-0100","bhagavati@example.com"
3163,"Be Trang","Be",False,False,"(405) 555-0100","be@example.com"
3164,"Ingrida Zeltina","Ingrida",False,False,"(239) 555-0100","ingrida@example.com"
3165,"Phoung Cu","Phoung",False,False,"(208) 555-0100","phoung@example.com"
3166,"Sara Walkky","Sara",False,False,"(303) 555-0100","sara@example.com"
3167,"Meera Patel","Meera",False,False,"(217) 555-0100","meera@example.com"
3168,"Anca Gogean","Anca",False,False,"(209) 555-0100","anca@example.com"
3169,"Staffan Persson","Staffan",False,False,"(314) 555-0100","staffan@example.com"
3170,"Isidora Urias","Isidora",False,False,"(239) 555-0100","isidora@example.com"
3171,"Dhanishta Mokkapati","Dhanishta",False,False,"(907) 555-0100","dhanishta@example.com"
3172,"Lakshmi Benipal","Lakshmi",False,False,"(209) 555-0100","lakshmi@example.com"
3173,"Kumar Kamei","Kumar",False,False,"(304) 555-0100","kumar@example.com"
3175,"Prabodh Nair","Prabodh",False,False,"(605) 555-0100","prabodh@example.com"
3176,"Alinne Matos","Alinne",False,False,"(229) 555-0100","alinne@example.com"
3177,"Mauno Laurila","Mauno",False,False,"(216) 555-0100","mauno@example.com"
3178,"Baalaamjali Devulapalli","Baalaamjali",False,False,"(505) 555-0100","baalaamjali@example.com"
3179,"Melani Ravlen","Melani",False,False,"(405) 555-0100","melani@example.com"
3180,"Om Yadav","Om",False,False,"(262) 555-0100","om@example.com"
3181,"Mahmut ozbek","Mahmut",False,False,"(339) 555-0100","mahmut@example.com"
3182,"Yves Belisle","Yves",False,False,"(480) 555-0100","yves@example.com"
3183,"Sabine Alksne","Sabine",False,False,"(479) 555-0100","sabine@example.com"
3184,"Kamala Nishad","Kamala",False,False,"(201) 555-0100","kamala@example.com"
3185,"Roko Ilic","Roko",False,False,"(262) 555-0100","roko@example.com"
3186,"Neil Farrelly","Neil",False,False,"(215) 555-0100","neil@example.com"
3187,"Akhil Nadar","Akhil",False,False,"(479) 555-0100","akhil@example.com"
3188,"Maksims Krastins","Maksims",False,False,"(304) 555-0100","maksims@example.com"
3189,"Milinka Zujovic","Milinka",False,False,"(316) 555-0100","milinka@example.com"
3191,"Valter Viiding","Valter",False,False,"(216) 555-0100","valter@example.com"
3192,"Amarakumaar Gadiyaram","Amarakumaar",False,False,"(303) 555-0100","amarakumaar@example.com"
3193,"Gasper Havzija","Gasper",False,False,"(314) 555-0100","gasper@example.com"
3195,"Kumar Naicker","Kumar",False,False,"(262) 555-0100","kumar@example.com"
3196,"Laszlo Gardenier","Laszlo",False,False,"(215) 555-0100","laszlo@example.com"
3197,"Nada Ana Slosar","Nada Ana",False,False,"(239) 555-0100","nada ana@example.com"
3198,"Mahavir Sonkar","Mahavir",False,False,"(505) 555-0100","mahavir@example.com"
3199,"Kristi Part","Kristi",False,False,"(702) 555-0100","kristi@example.com"
3200,"Krishnam Allu","Krishnam",False,False,"(405) 555-0100","krishnam@example.com"
3202,"Stefan Selezeanu","Stefan",False,False,"(212) 555-0100","stefan@example.com"
3203,"Hue Ton","Hue",False,False,"(252) 555-0100","hue@example.com"
3204,"Drishti Bose","Drishti",False,False,"(479) 555-0100","drishti@example.com"
3205,"Bhadram Kamasamudram","Bhadram",False,False,"(802) 555-0100","bhadram@example.com"
3206,"Taj Syme","Taj",False,False,"(216) 555-0100","taj@example.com"
3207,"Irma Berzina","Irma",False,False,"(458) 555-0100","irma@example.com"
3208,"Vedrana Kovacevic","Vedrana",False,False,"(479) 555-0100","vedrana@example.com"
3209,"Bhagavateeprasaad Malladi","Bhagavateeprasaad",False,False,"(479) 555-0100","bhagavateeprasaad@example.com"
3211,"Rajeev Sandhu","Rajeev",False,False,"(458) 555-0100","rajeev@example.com"
3212,"Urve Kasesalu","Urve",False,False,"(319) 555-0100","urve@example.com"
3213,"Annette  Hetu","Annette",False,False,"(405) 555-0100","annette @example.com"
3214,"Narendra Tickoo","Narendra",False,False,"(803) 555-0100","narendra@example.com"
3215,"Isa Hulsegge","Isa",False,False,"(252) 555-0100","isa@example.com"
3216,"Aive Petrov","Aive",False,False,"(316) 555-0100","aive@example.com"
3217,"David Novacek","David",False,False,"(423) 555-0100","david@example.com"
3218,"Nils Kaulins","Nils",False,False,"(406) 555-0100","nils@example.com"
3219,"Dhanishta Pullela","Dhanishta",False,False,"(304) 555-0100","dhanishta@example.com"
3220,"Hai Banh","Hai",False,False,"(252) 555-0100","hai@example.com"
3221,"Fabrice Cloutier","Fabrice",False,False,"(252) 555-0100","fabrice@example.com"
3222,"Nadir Seddigh","Nadir",False,False,"(907) 555-0100","nadir@example.com"
3223,"Farzana Habibi","Farzana",False,False,"(219) 555-0100","farzana@example.com"
3224,"Arka Chatterjee","Arka",False,False,"(303) 555-0100","arka@example.com"
3225,"Tuulikki Linna","Tuulikki",False,False,"(217) 555-0100","tuulikki@example.com"
3226,"Daniella Cavalcante","Daniella",False,False,"(405) 555-0100","daniella@example.com"
3227,"Serdar ozden","Serdar",False,False,"(319) 555-0100","serdar@example.com"
3228,"Emma Van Zant","Emma",False,False,"(303) 555-0100","emma@example.com"
3229,"Veronika Necesana","Veronika",False,False,"(218) 555-0100","veronika@example.com"
3230,"Chompoo Atitarn","Chompoo",False,False,"(603) 555-0100","chompoo@example.com"
3231,"Dipti Shah","Dipti",False,False,"(216) 555-0100","dipti@example.com"
3232,"Som Mukherjee","Som",False,False,"(385) 555-0100","som@example.com"
3233,"Cuneyt Arslan","Cuneyt",False,False,"(405) 555-0100","cuneyt@example.com"
3234,"Aishwarya Dantuluri","Aishwarya",False,False,"(209) 555-0100","aishwarya@example.com"
3235,"Manjunatha Karnik","Manjunatha",False,False,"(405) 555-0100","manjunatha@example.com"
3236,"Erik Malk","Erik",False,False,"(406) 555-0100","erik@example.com"
3237,"David Jaramillo","David",False,False,"(803) 555-0100","david@example.com"
3239,"Bhaamini Palagummi","Bhaamini",False,False,"(212) 555-0100","bhaamini@example.com"
3240,"Damodar Shenoy","Damodar",False,False,"(229) 555-0100","damodar@example.com"
3241,"Tomo Vidovic","Tomo",False,False,"(207) 555-0100","tomo@example.com"
3242,"Nguyen Banh","Nguyen",False,False,"(239) 555-0100","nguyen@example.com"
3243,"Raj Verma","Raj",False,False,"(203) 555-0100","raj@example.com"
3244,"Hanita Nookala","Hanita",False,False,"(225) 555-0100","hanita@example.com"
3245,"Matteo Cattaneo","Matteo",False,False,"(229) 555-0100","matteo@example.com"
3246,"Christian Couet","Christian",False,False,"(212) 555-0100","christian@example.com"
3247,"Ivana Hadrabova","Ivana",False,False,"(603) 555-0100","ivana@example.com"
3248,"Abhra Ganguly","Abhra",False,False,"(212) 555-0100","abhra@example.com"
3249,"Amet Shergill","Amet",False,False,"(303) 555-0100","amet@example.com"
3250,"Amrita Ganguly","Amrita",False,False,"(787) 555-0100","amrita@example.com"
3251,"Sylvie Laramee","Sylvie",False,False,"(787) 555-0100","sylvie@example.com"
3252,"Ian Olofsson","Ian",False,False,"(339) 555-0100","ian@example.com"
3254,"Emma Salpa","Emma",False,False,"(205) 555-0100","emma@example.com"
3255,"Adriana Pena","Adriana",False,False,"(252) 555-0100","adriana@example.com"
3256,"Kalyani Benjaree","Kalyani",False,False,"(212) 555-0100","kalyani@example.com"
3257,"Ganesh Majumdar","Ganesh",False,False,"(217) 555-0100","ganesh@example.com"
3258,"Jaroslav Fisar","Jaroslav",False,False,"(215) 555-0100","jaroslav@example.com"
3259,"Jibek Juniskyzy","Jibek",False,False,"(217) 555-0100","jibek@example.com"
3260,"Anand Mudaliyar","Anand",False,False,"(206) 555-0100","anand@example.com"
3261,"Agrita Abele","Agrita",False,False,"(206) 555-0100","agrita@example.com"
4,"Isabella Rupp","Isabella",True,False,"(415) 555-0102","isabellar@wideworldimporters.com"
5,"Eva Muirden","Eva",True,False,"(415) 555-0102","evam@wideworldimporters.com"
9,"Alica Fatnowna","Alica",True,False,"(415) 555-0102","alicaf@wideworldimporters.com"
10,"Stella Rosenhain","Stella",True,False,"(415) 555-0102","stellar@wideworldimporters.com"
11,"Ethan Onslow","Ethan",True,False,"(415) 555-0102","ethano@wideworldimporters.com"
12,"Henry Forlonge","Henry",True,False,"(415) 555-0102","henryf@wideworldimporters.com"
17,"Piper Koch","Piper",True,False,"(415) 555-0102","piperk@wideworldimporters.com"
18,"Katie Darwin","Katie",True,False,"(415) 555-0102","katied@wideworldimporters.com"
19,"Jai Shand","Jai",True,False,"(415) 555-0102","jais@wideworldimporters.com"
2,"Kayla Woodcock","Kayla",True,True,"(415) 555-0102","kaylaw@wideworldimporters.com"
3,"Hudson Onslow","Hudson",True,True,"(415) 555-0102","hudsono@wideworldimporters.com"
6,"Sophia Hinton","Sophia",True,True,"(415) 555-0102","sophiah@wideworldimporters.com"
7,"Amy Trefl","Amy",True,True,"(415) 555-0102","amyt@wideworldimporters.com"
8,"Anthony Grosse","Anthony",True,True,"(415) 555-0102","anthonyg@wideworldimporters.com"
13,"Hudson Hollinworth","Hudson",True,True,"(415) 555-0102","hudsonh@wideworldimporters.com"
14,"Lily Code","Lily",True,True,"(415) 555-0102","lilyc@wideworldimporters.com"
15,"Taj Shand","Taj",True,True,"(415) 555-0102","tajs@wideworldimporters.com"
16,"Archer Lamble","Archer",True,True,"(415) 555-0102","archerl@wideworldimporters.com"
20,"Jack Potter","Jack",True,True,"(415) 555-0102","jackp@wideworldimporters.com"
